Date,AAPL|Technology,MSFT|Technology,AMZN|Technology,JPM|Financial,BAC|Financial,XOM|Energy,CVX|Energy,PG|Consumer,KO|Consumer,JNJ|Healthcare
2022-07-06,101.76,101.43,98.63,98.39,100.47,101.08,98.82,97.96,99.76,102.28
2022-07-07,103.04,101.29,100.76,97.49,98.70,101.66,98.15,98.81,98.01,102.82
2022-07-08,105.49,102.01,101.54,99.76,98.34,101.59,100.04,98.38,97.81,100.01
2022-07-09,107.79,99.98,98.60,98.44,94.63,99.15,99.91,100.33,97.46,100.44
2022-07-10,107.33,97.37,97.93,97.74,96.26,99.14,98.30,103.19,99.18,98.90
2022-07-11,109.11,94.60,98.42,98.15,98.34,96.93,98.75,104.11,98.45,99.75
2022-07-12,112.79,93.75,95.69,98.77,98.87,95.67,98.80,103.42,97.69,99.77
2022-07-13,115.63,92.24,96.59,98.58,99.90,97.48,100.15,103.81,99.08,98.71
2022-07-14,117.08,91.94,95.53,95.88,97.16,96.68,99.59,104.25,98.42,99.42
2022-07-15,116.35,92.04,96.59,95.53,97.33,98.56,100.78,107.00,98.68,97.99
2022-07-16,116.76,93.33,98.83,93.57,94.59,100.63,99.99,108.25,101.06,99.70
2022-07-17,116.48,90.22,99.53,94.54,93.58,102.49,102.70,108.41,103.07,98.87
2022-07-18,117.89,90.83,98.88,95.17,94.56,103.87,103.21,108.99,106.56,100.16
2022-07-19,115.83,91.04,99.76,92.43,96.73,102.74,104.65,108.74,108.10,99.56
2022-07-20,115.71,90.25,100.34,90.89,95.83,106.91,104.94,111.81,108.87,100.92
2022-07-21,117.41,89.34,96.90,91.07,96.15,105.35,101.61,114.58,109.82,103.42
2022-07-22,118.12,91.03,98.22,90.72,96.83,107.00,104.38,116.97,110.61,105.63
2022-07-23,118.24,89.98,98.25,88.97,96.83,110.21,106.58,114.80,111.15,108.12
2022-07-24,118.48,88.25,100.92,89.54,96.16,106.89,108.37,113.06,114.48,109.67
2022-07-25,120.96,92.12,100.23,88.63,98.47,105.60,107.89,110.24,113.62,105.47
2022-07-26,121.57,90.57,97.70,88.79,96.56,106.75,105.86,112.36,113.70,106.56
2022-07-27,119.22,91.73,98.64,89.00,97.17,105.87,106.60,111.07,113.87,105.43
2022-07-28,121.39,93.04,100.53,88.95,96.39,107.60,108.16,109.98,115.44,101.48
2022-07-29,122.21,93.65,101.84,88.53,97.99,107.27,108.47,111.14,116.13,101.67
2022-07-30,120.00,93.33,100.97,88.38,100.80,110.29,107.26,110.94,116.43,100.33
2022-07-31,120.40,94.39,100.36,88.18,102.07,112.64,106.76,112.74,116.57,102.44
2022-08-01,120.95,94.47,99.16,88.75,102.48,113.58,106.45,114.41,116.36,100.71
2022-08-02,122.67,93.25,99.33,90.09,101.89,113.57,105.75,113.00,120.27,99.76
2022-08-03,126.05,94.31,100.62,92.17,104.80,113.92,107.11,111.25,117.95,100.40
2022-08-04,126.67,95.64,100.73,92.78,103.50,113.29,108.66,112.05,116.66,98.94
2022-08-05,128.91,96.53,100.00,91.52,101.71,116.03,111.38,113.75,115.31,100.03
2022-08-06,130.08,94.98,99.63,89.63,102.06,114.13,110.70,114.47,112.10,102.69
2022-08-07,129.53,95.86,98.74,89.47,102.02,115.87,110.45,110.95,111.82,101.01
2022-08-08,128.62,96.05,97.71,88.30,104.69,116.05,109.62,111.28,111.88,101.63
2022-08-09,129.79,98.32,101.72,89.31,103.63,118.21,110.94,109.43,112.47,103.14
2022-08-10,126.72,99.11,102.62,90.43,103.72,118.29,110.15,109.89,112.68,104.98
2022-08-11,128.17,96.49,103.56,91.85,103.72,121.21,112.59,109.91,111.01,106.55
2022-08-12,126.38,95.72,103.07,90.75,106.53,121.18,111.30,112.36,111.85,105.44
2022-08-13,125.81,98.28,101.09,90.01,105.26,120.13,115.33,111.68,110.54,102.27
2022-08-14,126.18,95.42,102.09,88.94,103.05,120.77,112.57,109.85,111.36,100.87
2022-08-15,128.09,95.57,98.83,89.81,102.48,120.95,110.28,107.70,109.52,101.04
2022-08-16,129.46,93.87,99.42,90.35,103.18,119.56,110.97,107.78,109.83,102.49
2022-08-17,132.06,95.35,99.65,88.95,104.46,119.19,110.81,106.82,110.46,100.98
2022-08-18,130.54,96.63,98.44,87.27,106.12,120.59,114.17,109.09,112.30,102.51
2022-08-19,133.08,96.69,100.33,86.56,107.06,122.04,114.34,109.37,111.58,102.57
2022-08-20,135.97,95.73,102.18,88.66,108.04,123.81,114.07,110.63,110.36,100.35
2022-08-21,136.82,97.15,102.90,87.76,109.27,125.20,114.41,111.77,111.99,102.71
2022-08-22,137.13,98.97,103.51,86.45,111.63,125.47,112.96,114.87,110.63,101.73
2022-08-23,138.70,98.53,104.15,85.07,112.94,125.72,112.00,115.98,107.30,99.77
2022-08-24,139.42,99.00,105.84,84.68,112.55,127.78,112.82,117.54,109.44,99.72
2022-08-25,140.76,101.01,107.82,84.19,109.12,126.79,112.83,115.53,109.54,101.11
2022-08-26,138.69,100.29,107.19,83.08,109.70,126.40,114.11,114.75,112.43,99.70
2022-08-27,139.22,101.06,108.09,84.22,107.05,127.57,112.62,116.14,110.66,100.63
2022-08-28,137.19,97.80,110.15,83.93,107.76,125.61,109.69,113.76,112.92,99.75
2022-08-29,137.44,95.84,109.02,82.62,107.40,124.51,110.37,113.91,111.10,97.83
2022-08-30,139.73,95.42,109.09,82.05,108.22,121.01,108.80,116.58,111.77,96.46
2022-08-31,142.99,93.87,110.86,80.26,108.88,118.18,111.97,119.08,111.73,96.46
2022-09-01,142.69,93.78,111.35,80.68,108.85,119.30,113.53,118.40,113.65,99.12
2022-09-02,144.29,93.15,111.97,80.91,106.21,118.98,112.50,117.31,112.79,99.58
2022-09-03,144.18,92.76,113.29,82.50,109.43,118.30,113.02,116.36,115.58,100.35
2022-09-04,143.58,93.77,114.30,81.65,109.09,116.90,112.82,117.50,118.22,102.16
2022-09-05,149.56,93.24,115.06,80.09,109.79,118.37,114.41,114.60,118.78,102.85
2022-09-06,150.53,92.83,115.59,79.86,110.94,117.05,113.40,114.14,118.25,104.97
2022-09-07,149.21,91.33,116.42,80.81,110.30,115.94,111.99,116.17,120.31,103.59
2022-09-08,148.05,88.18,115.72,80.99,113.06,115.62,112.06,117.79,120.70,104.09
2022-09-09,148.55,88.21,114.39,82.84,114.37,118.11,113.89,115.14,122.66,104.44
2022-09-10,148.61,86.47,114.98,83.12,112.09,117.60,115.62,114.16,121.05,106.02
2022-09-11,148.70,86.37,115.89,84.18,111.30,119.12,116.83,114.61,116.35,106.16
2022-09-12,148.75,87.83,114.67,84.88,110.21,116.11,117.38,116.87,115.65,109.40
2022-09-13,148.65,88.20,112.83,83.73,108.32,115.83,115.10,118.01,119.72,107.57
2022-09-14,148.25,88.44,112.72,85.71,107.96,117.07,113.61,117.88,121.21,108.97
2022-09-15,149.62,90.39,113.36,87.06,107.27,118.10,111.80,117.55,119.32,109.19
2022-09-16,147.52,89.21,116.45,86.67,107.51,119.06,111.39,116.63,121.18,109.75
2022-09-17,145.44,91.92,116.99,87.45,107.46,120.83,110.93,119.92,122.55,109.85
2022-09-18,147.24,94.28,117.17,84.52,106.12,117.36,108.47,121.42,124.54,110.66
2022-09-19,149.87,93.31,117.70,86.01,104.09,120.56,107.55,121.89,126.52,110.06
2022-09-20,150.58,91.87,115.35,87.12,104.04,120.55,105.53,122.79,123.44,110.90
2022-09-21,152.74,91.10,116.04,87.49,104.25,121.62,104.35,120.82,123.17,111.27
2022-09-22,148.00,92.63,117.94,87.31,104.47,119.58,107.95,118.82,122.16,110.66
2022-09-23,147.85,93.49,115.64,87.01,106.09,120.99,109.93,121.49,124.03,113.25
2022-09-24,146.51,93.50,114.92,87.37,106.20,119.66,113.18,122.26,126.01,113.82
2022-09-25,144.66,91.98,115.03,88.80,107.36,120.23,111.38,123.15,125.94,114.70
2022-09-26,147.51,90.83,113.95,88.19,107.73,120.81,112.50,122.06,122.35,116.38
2022-09-27,146.08,89.19,114.80,88.78,109.19,117.50,111.17,122.78,124.03,116.53
2022-09-28,143.19,90.76,113.51,89.57,109.04,120.62,111.40,121.72,123.91,115.40
2022-09-29,138.80,92.97,112.61,90.92,105.48,123.04,114.63,123.40,122.60,117.71
2022-09-30,139.44,90.45,111.03,90.88,106.83,121.92,114.61,126.01,121.32,117.04
2022-10-01,140.19,91.19,113.10,91.28,108.03,119.24,116.80,126.57,122.00,118.93
2022-10-02,140.01,92.37,112.82,90.87,107.13,117.92,115.70,124.22,121.93,116.41
2022-10-03,142.01,91.72,115.25,91.10,104.52,115.27,114.07,126.68,122.42,117.48
2022-10-04,142.01,87.82,115.10,91.36,104.76,115.17,112.56,123.41,121.49,114.52
2022-10-05,143.36,86.82,111.51,92.10,104.48,115.06,113.65,124.05,122.51,114.70
2022-10-06,142.19,86.21,110.49,91.38,105.50,115.09,113.82,121.75,124.18,114.40
2022-10-07,140.64,85.76,111.34,87.19,105.56,115.99,112.43,125.32,127.44,114.94
2022-10-08,138.81,84.66,112.43,86.20,104.93,115.35,113.53,126.14,130.52,116.52
2022-10-09,140.06,85.90,109.95,85.45,103.75,114.47,112.54,125.79,134.44,118.41
2022-10-10,139.28,85.72,110.07,85.96,102.33,109.57,110.03,126.65,135.85,117.27
2022-10-11,140.59,86.92,111.10,82.57,101.21,107.09,111.31,124.98,136.79,119.36
2022-10-12,141.06,86.08,111.70,83.05,105.00,107.61,108.60,125.94,138.37,122.67
2022-10-13,145.63,87.25,111.67,82.52,104.03,106.44,107.87,126.58,137.53,124.58
2022-10-14,141.97,86.51,114.75,82.62,102.72,105.64,107.99,128.02,136.60,124.08
2022-10-15,139.81,86.79,113.64,84.45,105.04,106.19,109.88,123.86,137.97,122.53
2022-10-16,141.00,87.99,113.43,84.44,105.04,107.46,109.30,122.75,139.31,124.27
2022-10-17,142.87,89.33,113.27,83.24,104.70,107.94,111.93,122.27,140.36,122.73
2022-10-18,141.43,90.37,115.12,83.44,103.66,106.66,109.32,123.56,139.89,121.40
2022-10-19,139.65,92.89,111.95,83.97,100.72,106.93,109.62,123.60,140.72,123.68
2022-10-20,141.03,94.48,111.81,83.63,101.28,110.69,110.01,122.87,143.69,124.25
2022-10-21,140.27,96.08,112.75,83.51,101.29,108.04,109.58,123.39,142.46,123.29
2022-10-22,139.63,95.73,113.80,82.72,101.81,108.95,107.57,121.35,142.23,122.98
2022-10-23,140.97,95.55,116.07,82.40,104.63,107.75,107.85,118.60,144.69,120.65
2022-10-24,143.32,95.70,113.78,78.80,102.33,106.74,107.59,118.33,145.47,120.79
2022-10-25,142.03,94.73,111.70,79.02,105.59,107.14,107.97,118.01,145.19,120.81
2022-10-26,141.95,96.48,112.65,78.79,106.52,108.35,107.95,116.66,146.55,123.00
2022-10-27,141.62,95.49,112.01,79.74,106.22,109.74,109.51,113.18,146.45,121.30
2022-10-28,142.48,94.94,110.31,81.59,106.60,108.56,109.00,110.96,145.13,121.13
2022-10-29,143.53,94.94,113.90,81.32,107.70,108.55,108.59,112.44,142.67,120.26
2022-10-30,144.17,94.14,113.80,80.94,110.56,110.85,109.19,109.05,142.38,118.28
2022-10-31,143.89,96.00,116.64,79.78,113.08,110.05,109.82,109.51,142.15,117.76
2022-11-01,143.54,95.68,118.97,80.08,114.54,107.95,108.69,105.27,141.88,119.68
2022-11-02,146.31,96.80,122.51,80.69,110.15,110.14,109.79,105.80,137.03,117.93
2022-11-03,145.96,97.78,122.36,80.99,107.90,105.77,109.73,105.41,139.65,116.19
2022-11-04,146.10,95.23,123.85,80.53,109.09,106.95,111.58,103.66,142.76,119.00
2022-11-05,143.18,95.25,124.86,82.36,110.59,108.09,114.18,104.51,143.86,116.46
2022-11-06,143.32,94.41,125.33,80.14,111.02,107.71,112.91,105.97,143.93,117.46
2022-11-07,142.05,94.54,126.80,80.70,113.80,110.47,113.65,107.77,142.25,117.35
2022-11-08,141.28,93.77,126.25,80.64,113.85,110.58,111.46,108.03,141.80,119.26
2022-11-09,141.28,94.75,124.70,83.20,115.07,108.45,111.82,106.72,145.43,118.05
2022-11-10,138.22,96.52,125.66,82.66,114.28,106.00,114.52,107.27,146.17,117.98
2022-11-11,142.48,95.47,123.99,83.48,113.64,107.00,113.41,108.47,147.55,117.60
2022-11-12,139.28,93.58,124.54,84.66,112.61,106.48,112.35,108.01,148.27,115.08
2022-11-13,141.11,95.40,122.13,84.41,113.63,107.06,113.54,106.51,152.03,115.09
2022-11-14,139.33,96.53,121.78,83.83,113.08,108.55,112.67,107.81,153.03,114.50
2022-11-15,139.06,95.65,118.26,83.17,114.96,108.59,116.47,107.92,155.56,115.97
2022-11-16,139.16,95.67,118.09,83.27,117.26,108.33,114.59,110.50,158.78,117.62
2022-11-17,136.58,94.68,113.27,82.70,117.97,107.70,112.76,115.23,157.78,115.47
2022-11-18,136.01,94.43,113.70,82.40,118.71,107.58,116.93,114.70,156.26,112.67
2022-11-19,130.89,95.84,112.52,82.12,117.02,110.32,116.49,113.91,157.10,112.58
2022-11-20,128.42,96.33,109.71,82.51,113.89,111.57,118.00,112.53,155.29,112.99
2022-11-21,129.48,95.19,109.32,83.53,113.65,109.28,116.70,113.49,156.27,109.91
2022-11-22,129.24,95.73,106.38,80.35,115.54,111.03,117.54,115.29,159.23,112.28
2022-11-23,130.49,95.12,106.11,78.45,114.23,107.75,116.39,114.56,159.21,110.18
2022-11-24,132.39,96.52,106.50,75.66,113.37,105.19,114.65,115.14,160.47,107.35
2022-11-25,132.27,97.42,105.93,75.82,114.13,106.73,115.80,113.33,163.37,110.62
2022-11-26,130.67,96.73,103.55,76.51,115.35,107.14,118.58,112.97,164.69,109.59
2022-11-27,131.86,96.26,104.85,76.79,116.92,112.14,119.55,113.68,168.75,106.18
2022-11-28,131.65,98.01,107.19,76.89,118.45,110.71,118.40,115.88,167.83,106.55
2022-11-29,133.00,98.97,109.29,78.80,114.69,110.84,117.46,115.77,165.11,106.76
2022-11-30,132.33,96.09,107.68,78.72,113.42,110.74,119.36,112.73,166.29,104.81
2022-12-01,133.30,96.52,104.75,79.50,113.04,111.37,120.35,112.78,161.55,100.63
2022-12-02,130.20,96.51,103.22,78.55,117.35,110.58,120.69,112.26,161.62,102.17
2022-12-03,129.10,96.26,103.94,79.32,118.54,111.67,121.98,113.49,163.75,99.27
2022-12-04,127.32,97.11,102.63,79.51,117.33,109.92,121.38,116.20,166.05,98.29
2022-12-05,125.93,96.73,100.21,78.91,116.85,111.42,123.18,117.21,165.90,100.19
2022-12-06,124.28,93.79,99.94,79.35,118.31,111.54,122.42,117.52,166.92,100.22
2022-12-07,125.09,92.90,100.61,79.48,116.21,112.56,121.29,120.93,165.34,98.45
2022-12-08,125.00,94.28,101.12,79.57,116.78,112.73,118.01,120.77,163.34,98.44
2022-12-09,124.06,95.65,104.58,78.92,116.13,111.30,116.32,119.13,163.97,100.54
2022-12-10,128.24,94.23,104.93,79.21,113.91,113.32,118.62,119.11,166.27,101.04
2022-12-11,128.67,96.71,104.92,78.21,112.47,114.88,118.48,118.54,163.78,101.18
2022-12-12,129.42,96.06,103.62,77.56,114.16,118.02,118.14,119.53,162.20,103.23
2022-12-13,128.55,95.94,104.26,75.89,111.86,116.54,119.17,123.87,156.44,101.89
2022-12-14,128.59,94.55,103.83,76.41,112.83,115.62,117.88,124.27,156.05,99.71
2022-12-15,127.96,95.38,103.72,76.54,111.13,116.83,119.06,123.03,155.87,98.42
2022-12-16,125.75,96.25,105.02,77.45,113.62,116.55,118.82,124.02,155.36,100.96
2022-12-17,127.51,97.96,107.32,77.05,119.17,116.92,119.88,125.74,156.87,103.63
2022-12-18,125.90,99.65,106.62,76.94,121.62,116.39,122.50,123.58,155.42,102.70
2022-12-19,125.53,100.01,108.33,77.91,124.75,116.84,120.91,122.51,154.88,103.46
2022-12-20,126.03,100.95,105.68,79.05,125.60,116.40,118.92,122.40,152.90,103.68
2022-12-21,125.19,100.35,107.78,77.93,127.78,116.27,118.87,121.40,150.65,105.18
2022-12-22,122.85,100.64,110.09,77.64,126.91,116.79,121.08,122.39,150.17,103.04
2022-12-23,123.42,99.61,111.87,76.90,126.55,114.90,121.27,121.99,149.46,102.09
2022-12-24,121.14,98.32,110.00,75.28,123.16,114.26,122.79,122.09,152.16,104.46
2022-12-25,117.41,96.90,110.14,75.03,122.39,113.43,126.16,121.87,150.12,106.61
2022-12-26,114.64,95.94,112.68,74.50,119.19,115.62,127.22,122.95,149.66,106.24
2022-12-27,115.14,94.23,114.47,73.19,115.54,114.93,129.29,125.66,149.93,107.30
2022-12-28,113.62,91.77,115.65,75.04,116.54,114.90,127.53,122.12,150.98,104.48
2022-12-29,112.49,90.38,117.21,76.44,116.33,115.22,127.05,120.78,152.39,106.14
2022-12-30,113.99,89.75,117.10,76.15,115.24,115.82,124.69,123.25,151.86,104.17
2022-12-31,110.05,90.19,118.60,76.96,116.33,117.12,125.82,122.37,150.75,102.39
2023-01-01,111.97,89.91,118.77,74.52,118.81,117.40,125.72,121.14,151.50,101.57
2023-01-02,111.64,89.39,119.88,74.60,118.46,114.79,124.04,119.90,152.82,101.40
2023-01-03,115.82,89.64,121.00,75.07,115.50,116.35,122.51,122.69,150.70,101.05
2023-01-04,113.00,92.21,123.15,77.08,118.03,118.73,122.41,125.86,151.45,103.21
2023-01-05,114.56,93.44,121.25,76.32,115.77,119.61,123.60,127.01,155.41,102.96
2023-01-06,115.31,93.01,122.97,75.82,116.57,120.20,125.02,126.17,157.25,103.69
2023-01-07,114.20,92.25,127.92,76.19,114.81,120.69,124.04,124.20,153.38,104.49
2023-01-08,114.10,90.90,128.04,77.53,114.97,120.54,124.86,121.17,154.74,106.60
2023-01-09,115.54,92.01,131.27,77.75,115.31,117.96,124.89,122.39,152.11,106.97
2023-01-10,114.86,93.64,131.06,80.60,117.28,119.22,125.45,126.33,155.57,108.26
2023-01-11,112.80,91.01,130.92,80.25,119.12,119.33,125.37,124.14,153.98,108.14
2023-01-12,111.70,92.64,134.15,80.24,121.68,118.80,127.90,123.98,154.20,111.15
2023-01-13,114.52,93.88,133.75,81.81,118.78,120.17,129.49,126.46,155.75,111.93
2023-01-14,112.80,95.76,134.14,79.35,116.50,122.44,130.58,126.91,154.98,109.53
2023-01-15,109.76,96.41,131.04,77.53,117.36,124.50,126.86,125.26,155.03,111.27
2023-01-16,111.75,98.16,127.31,75.84,118.15,124.16,127.59,124.16,155.73,109.32
2023-01-17,111.51,100.23,128.99,76.77,117.80,122.58,130.90,124.87,157.68,109.33
2023-01-18,113.94,100.10,128.99,78.43,118.21,123.18,132.81,123.73,156.36,109.04
2023-01-19,116.07,99.99,131.34,77.45,114.46,122.98,131.82,122.09,154.62,110.10
2023-01-20,117.06,100.80,131.14,77.74,111.68,119.61,131.46,122.27,153.95,108.00
2023-01-21,117.69,101.15,132.47,78.09,111.43,119.19,132.41,124.41,152.94,108.58
2023-01-22,116.78,105.04,135.13,78.97,110.64,118.41,130.10,123.78,149.37,108.58
2023-01-23,117.89,104.85,137.61,80.02,111.40,117.97,130.88,125.22,146.75,108.29
2023-01-24,114.70,104.87,139.61,81.37,111.22,116.96,130.10,124.69,146.96,108.34
2023-01-25,113.96,105.52,139.22,81.16,108.84,116.60,131.97,121.77,144.37,108.11
2023-01-26,111.45,104.50,138.22,82.23,111.44,119.63,130.36,123.25,139.77,107.40
2023-01-27,109.90,107.02,135.36,81.58,110.02,120.16,129.58,122.29,137.88,110.62
2023-01-28,110.30,103.64,136.14,82.84,109.09,119.51,130.02,125.22,135.26,110.14
2023-01-29,109.41,101.90,137.85,84.76,107.99,119.73,131.71,122.60,135.38,110.72
2023-01-30,108.91,101.26,136.04,84.42,107.00,121.67,133.17,122.98,136.69,111.41
2023-01-31,112.65,102.71,137.22,82.77,105.12,119.85,131.74,124.61,136.29,111.91
2023-02-01,112.35,104.19,138.08,82.83,105.58,118.65,129.78,127.18,136.08,113.09
2023-02-02,112.45,104.64,141.35,83.52,105.33,119.41,129.86,128.42,133.72,112.00
2023-02-03,112.37,105.65,143.86,82.63,103.83,122.89,130.28,126.51,137.13,109.62
2023-02-04,113.43,108.79,139.77,81.12,103.66,125.25,132.82,126.39,135.56,109.61
2023-02-05,112.49,109.23,139.34,81.68,103.44,123.26,131.96,125.69,137.59,111.07
2023-02-06,114.23,110.44,138.80,82.73,101.63,125.46,129.28,124.37,138.02,109.33
2023-02-07,112.57,110.96,141.43,84.09,103.88,123.60,123.66,125.57,136.27,110.29
2023-02-08,111.01,113.17,140.55,85.44,102.69,125.82,122.32,127.85,136.62,110.52
2023-02-09,110.79,116.17,141.62,87.18,103.51,126.81,122.30,128.47,136.53,110.24
2023-02-10,111.14,118.69,144.40,88.24,104.95,128.43,122.79,127.09,137.52,110.68
2023-02-11,110.83,120.46,144.68,87.82,105.47,128.35,124.15,128.26,136.71,113.94
2023-02-12,109.93,122.44,145.62,87.97,103.05,129.45,123.33,127.15,138.49,112.24
2023-02-13,108.55,120.20,143.82,85.61,105.63,130.66,124.03,127.51,137.77,111.73
2023-02-14,106.54,119.05,140.11,85.45,104.26,132.28,125.18,127.55,138.26,114.25
2023-02-15,103.99,118.76,140.65,85.38,105.62,134.90,126.63,126.92,138.26,115.62
2023-02-16,105.39,117.15,140.65,85.28,103.95,132.68,122.77,127.96,140.30,114.81
2023-02-17,106.59,116.08,138.99,86.65,104.82,133.45,120.50,128.68,139.24,117.16
2023-02-18,108.41,115.29,141.66,86.25,103.84,132.37,119.35,126.44,142.71,117.92
2023-02-19,109.85,116.02,141.05,88.34,102.84,132.60,118.04,126.53,145.37,117.55
2023-02-20,110.04,113.25,140.45,88.78,104.94,135.77,119.38,124.99,142.64,114.94
2023-02-21,111.20,113.37,136.68,90.33,106.55,138.97,119.38,125.90,143.36,113.73
2023-02-22,110.11,115.40,138.81,88.96,109.35,138.25,118.42,126.04,145.35,111.08
2023-02-23,108.94,113.93,142.62,87.85,107.72,138.85,115.52,126.63,148.34,112.49
2023-02-24,107.91,115.70,142.87,87.05,105.47,141.24,117.84,126.59,144.69,113.59
2023-02-25,107.74,114.51,143.99,86.34,102.98,139.70,118.51,128.28,144.16,113.32
2023-02-26,108.61,119.51,143.17,86.73,103.64,136.96,119.89,129.55,145.85,112.68
2023-02-27,106.75,121.06,144.55,88.16,102.14,136.98,116.49,125.67,146.71,112.02
2023-02-28,103.58,121.33,143.26,87.51,102.00,136.65,117.31,126.65,145.46,109.50
2023-03-01,102.25,122.20,142.20,87.50,100.87,136.94,115.26,128.06,141.50,109.32
2023-03-02,101.92,125.70,141.91,88.33,100.53,138.97,114.55,127.36,140.81,110.63
2023-03-03,100.16,128.04,140.23,89.32,100.90,139.66,112.46,129.33,139.84,109.78
2023-03-04,99.19,126.53,140.78,89.96,99.13,141.02,112.68,131.89,139.07,108.01
2023-03-05,97.48,125.93,140.52,89.78,98.44,138.87,112.07,133.57,138.70,107.26
2023-03-06,98.23,126.21,135.35,88.83,98.31,138.28,113.10,129.85,142.19,107.39
2023-03-07,99.45,128.51,132.86,88.65,98.10,138.96,113.64,126.76,143.85,106.40
2023-03-08,100.40,127.70,134.99,86.56,100.09,139.09,111.35,126.77,140.86,106.31
2023-03-09,99.50,127.17,134.90,84.76,101.79,142.72,112.12,126.75,141.05,106.89
2023-03-10,100.28,128.49,132.18,84.72,104.48,142.77,114.80,129.66,142.51,105.78
2023-03-11,100.51,125.44,133.33,85.80,105.01,143.89,115.17,131.24,136.54,107.90
2023-03-12,100.33,125.36,132.23,86.77,105.07,142.83,116.49,132.33,137.05,107.74
2023-03-13,100.65,127.93,129.87,86.93,106.34,140.23,119.16,132.59,136.75,105.45
2023-03-14,99.92,127.55,132.43,88.13,106.98,138.86,115.72,134.12,132.66,104.94
2023-03-15,102.05,124.57,130.94,88.09,106.55,135.88,115.38,135.31,131.52,105.94
2023-03-16,102.52,125.45,131.20,88.11,107.46,136.15,115.70,130.72,130.17,102.83
2023-03-17,103.03,125.11,130.29,88.58,107.89,137.83,116.41,126.60,129.77,103.33
2023-03-18,102.68,127.91,129.01,91.65,105.73,140.42,114.16,125.26,128.12,103.31
2023-03-19,102.49,128.79,127.50,91.00,105.63,141.23,114.08,124.23,131.93,102.82
2023-03-20,103.14,128.83,128.06,89.24,107.06,142.80,110.72,124.56,132.83,103.35
2023-03-21,101.74,127.77,127.34,89.79,106.96,142.64,111.68,126.62,129.11,104.46
2023-03-22,102.05,124.52,124.87,88.45,108.44,142.30,108.42,123.97,129.18,103.06
2023-03-23,102.26,126.02,122.76,87.28,109.89,141.78,108.82,125.96,132.62,103.72
2023-03-24,102.61,127.14,122.14,89.23,111.46,143.94,110.81,128.33,132.40,104.90
2023-03-25,102.91,125.45,121.24,89.55,108.93,143.62,110.88,127.98,130.92,107.50
2023-03-26,101.68,125.72,123.70,88.78,109.74,145.70,110.57,128.17,133.19,108.43
2023-03-27,101.97,128.64,125.04,87.67,109.61,146.86,113.91,128.05,134.03,111.57
2023-03-28,98.89,126.76,123.02,86.23,107.87,146.30,114.33,132.76,135.50,113.30
2023-03-29,100.98,126.75,121.03,86.70,105.64,147.32,114.36,135.45,135.29,113.26
2023-03-30,100.99,123.64,116.45,87.45,108.94,146.06,117.36,136.99,137.34,110.41
2023-03-31,101.30,120.33,117.23,88.47,108.48,146.59,117.99,139.67,137.39,109.73
2023-04-01,103.53,117.26,115.72,87.52,105.58,148.22,117.07,142.50,134.32,108.06
2023-04-02,104.98,117.14,115.18,90.24,106.24,145.52,116.29,143.46,132.87,108.98
2023-04-03,106.23,115.22,115.52,89.73,107.99,148.25,115.78,146.11,133.98,108.87
2023-04-04,107.46,115.67,117.58,87.46,108.00,148.75,118.64,144.65,138.02,110.26
2023-04-05,105.46,117.65,121.08,88.25,109.44,149.55,120.02,147.92,135.77,111.75
2023-04-06,106.37,119.15,121.80,91.01,108.76,147.39,116.15,148.66,133.95,112.69
2023-04-07,105.34,117.03,123.77,89.18,106.28,146.85,116.66,145.62,134.27,113.44
2023-04-08,105.63,117.72,125.12,90.49,106.00,147.03,115.57,144.83,135.29,113.81
2023-04-09,106.61,116.55,124.70,92.20,108.30,146.42,116.70,144.01,134.91,111.81
2023-04-10,107.13,116.77,124.13,93.44,107.85,146.82,116.54,142.46,134.55,113.82
2023-04-11,110.53,118.12,121.94,94.24,105.93,146.72,119.35,143.65,131.81,112.55
2023-04-12,111.85,120.35,118.31,93.76,105.45,146.58,119.15,139.95,133.31,113.99
2023-04-13,109.39,123.54,119.28,95.13,106.10,149.37,118.98,138.51,130.78,112.62
2023-04-14,107.31,127.05,121.36,93.33,105.90,151.40,119.17,137.41,133.22,112.13
2023-04-15,108.27,127.63,123.19,92.01,105.67,152.91,116.44,139.04,130.21,110.44
2023-04-16,108.75,129.68,122.58,91.05,106.39,154.14,114.60,139.34,127.39,111.03
2023-04-17,107.13,126.84,122.12,93.21,106.35,150.07,115.72,136.51,128.79,114.06
2023-04-18,107.60,127.08,122.41,93.24,106.13,153.39,115.85,134.12,127.20,113.89
2023-04-19,108.79,126.75,123.49,94.85,105.23,150.01,114.03,134.42,124.77,114.79
2023-04-20,107.89,126.14,128.48,94.64,103.78,148.37,119.19,133.03,124.64,112.69
2023-04-21,108.67,126.00,127.22,94.31,105.91,147.74,120.19,134.38,123.83,111.64
2023-04-22,109.17,124.80,127.70,94.46,106.30,147.43,122.00,133.78,122.34,111.46
2023-04-23,110.06,125.84,127.18,95.01,106.21,147.09,122.66,134.40,123.84,114.84
2023-04-24,108.92,126.46,128.22,91.40,107.08,144.62,126.64,136.18,124.53,115.40
2023-04-25,111.27,127.05,130.44,90.16,105.85,145.88,129.50,139.25,125.37,114.39
2023-04-26,109.36,124.56,133.99,92.49,103.83,145.95,129.84,141.83,123.08,113.51
2023-04-27,109.98,122.71,136.56,91.35,103.45,149.25,132.94,143.40,124.39,111.86
2023-04-28,107.69,123.30,133.93,92.50,103.52,147.32,131.83,143.79,124.74,110.34
2023-04-29,109.03,124.26,132.63,93.82,105.02,148.19,135.12,141.99,127.62,110.73
2023-04-30,107.22,120.51,133.56,92.11,104.29,146.56,135.57,141.70,128.56,110.21
2023-05-01,106.64,118.93,134.85,90.08,104.68,149.05,135.31,142.98,127.22,111.19
2023-05-02,105.21,121.30,134.86,88.16,103.08,146.93,135.54,145.42,127.17,111.72
2023-05-03,106.18,122.38,136.59,89.81,102.68,146.84,139.41,147.02,129.14,112.92
2023-05-04,105.44,122.53,134.45,90.30,102.93,148.31,139.99,149.22,129.31,114.01
2023-05-05,107.16,124.28,136.32,90.67,102.85,147.99,136.21,145.91,132.41,115.21
2023-05-06,107.64,125.17,139.90,89.37,101.63,151.12,137.75,145.34,131.16,115.55
2023-05-07,105.15,126.57,135.53,89.04,103.53,147.08,139.12,143.02,129.71,118.71
2023-05-08,105.16,127.70,130.51,89.04,101.23,146.04,140.68,143.75,128.90,120.29
2023-05-09,104.65,125.24,128.51,90.73,100.75,143.11,142.63,142.77,129.52,117.29
2023-05-10,104.06,125.02,127.00,89.40,99.27,142.79,140.63,145.18,127.40,119.05
2023-05-11,102.01,126.25,129.27,89.52,99.23,143.79,140.20,143.11,128.60,117.84
2023-05-12,104.00,130.37,125.80,88.50,98.31,144.55,140.32,140.78,128.82,118.44
2023-05-13,104.44,132.21,125.31,90.31,98.37,147.91,141.12,140.94,127.66,117.88
2023-05-14,101.52,129.30,123.47,92.10,99.87,145.83,141.91,139.60,127.35,118.29
2023-05-15,104.63,129.39,118.88,89.80,100.29,145.69,144.11,137.67,127.12,117.46
2023-05-16,101.44,130.44,117.97,91.30,101.48,146.61,145.96,135.62,125.75,117.50
2023-05-17,101.30,132.04,119.64,92.48,101.41,147.48,143.23,131.59,128.65,118.48
2023-05-18,100.33,133.29,117.58,94.44,103.49,147.02,141.48,129.19,131.37,119.63
2023-05-19,102.32,134.06,118.07,94.31,103.01,148.48,139.82,125.12,129.83,116.87
2023-05-20,100.50,133.79,119.52,94.57,103.17,146.09,141.95,127.87,132.31,117.49
2023-05-21,102.17,136.60,119.34,95.14,100.39,145.63,144.53,127.99,129.77,116.68
2023-05-22,102.00,134.43,122.26,95.16,101.22,148.16,142.52,128.56,126.89,115.94
2023-05-23,103.42,139.26,123.94,95.56,99.76,151.91,141.82,128.82,126.64,116.53
2023-05-24,105.83,140.75,122.84,97.76,98.07,148.39,141.76,131.67,123.80,120.11
2023-05-25,106.69,140.06,122.90,95.04,100.77,145.04,142.15,129.81,125.93,120.08
2023-05-26,108.74,140.55,123.40,91.13,101.53,144.88,146.67,128.69,128.74,120.47
2023-05-27,111.18,143.02,122.75,89.45,102.31,147.00,145.53,129.53,128.00,125.16
2023-05-28,113.18,140.85,121.87,91.31,104.09,150.19,144.32,131.43,126.34,125.66
2023-05-29,113.74,145.36,121.89,90.71,106.63,152.31,146.84,132.86,127.53,126.34
2023-05-30,112.07,146.54,120.27,90.65,105.78,149.69,146.31,134.60,127.50,129.28
2023-05-31,116.68,147.94,119.08,91.14,106.73,152.12,147.32,132.48,129.54,128.34
2023-06-01,120.11,147.33,118.42,91.39,106.14,151.74,143.42,128.09,129.13,130.78
2023-06-02,121.19,142.53,120.23,89.01,105.62,153.45,143.23,131.35,125.90,130.12
2023-06-03,121.59,139.09,122.95,90.08,106.26,152.17,139.94,136.28,127.13,129.19
2023-06-04,119.04,136.51,123.72,89.89,106.60,154.24,140.80,136.73,125.08,130.07
2023-06-05,117.54,139.89,119.45,88.44,105.69,151.95,144.60,138.40,125.45,130.44
2023-06-06,118.42,136.18,116.48,91.75,105.95,156.81,143.04,137.89,125.53,132.18
2023-06-07,117.36,134.83,117.13,89.92,103.28,156.67,142.30,135.24,125.71,129.75
2023-06-08,119.20,135.62,117.84,90.41,103.54,157.19,144.55,138.59,125.73,132.70
2023-06-09,120.43,136.83,117.87,89.44,103.09,156.61,145.09,136.56,125.78,131.32
2023-06-10,124.74,138.73,119.10,88.99,103.17,159.27,141.37,142.08,123.73,131.90
2023-06-11,124.32,136.02,118.26,88.53,100.23,159.52,139.68,143.21,125.24,133.19
2023-06-12,123.89,140.39,117.54,87.29,99.89,163.36,137.84,143.17,127.74,136.60
2023-06-13,123.95,137.50,117.18,86.82,98.17,167.91,135.48,143.64,130.41,138.74
2023-06-14,123.74,138.55,117.51,84.43,96.84,167.13,137.83,145.71,131.99,141.25
2023-06-15,125.97,135.57,118.96,85.40,98.11,167.92,137.30,153.60,134.36,137.71
2023-06-16,124.17,137.75,119.75,85.95,95.59,166.39,133.63,153.69,133.76,136.98
2023-06-17,125.83,138.66,118.97,85.53,95.52,166.66,131.57,157.32,131.39,135.68
2023-06-18,128.54,135.71,116.81,86.00,95.93,166.57,132.05,162.33,133.34,135.28
2023-06-19,128.43,136.20,116.04,83.91,98.21,167.73,128.19,164.63,135.32,132.02
2023-06-20,129.94,136.90,116.92,82.31,97.13,163.76,128.13,165.51,137.62,136.72
2023-06-21,129.64,135.63,115.08,81.57,97.22,161.18,129.90,168.41,140.73,136.71
2023-06-22,130.53,137.98,116.60,81.47,97.74,164.69,130.22,163.75,141.89,133.39
2023-06-23,130.99,140.05,117.18,79.04,97.42,164.34,130.72,165.01,143.58,131.87
2023-06-24,134.45,142.70,120.49,80.80,95.46,164.81,132.24,166.02,142.26,130.91
2023-06-25,135.23,141.52,119.95,80.73,94.44,165.83,137.15,166.87,143.53,133.02
2023-06-26,135.48,143.96,119.89,83.30,93.21,167.31,138.87,168.17,144.91,130.57
2023-06-27,132.08,141.56,119.67,81.60,92.18,171.56,141.33,168.79,141.82,133.42
2023-06-28,130.46,144.54,119.10,80.27,90.56,173.16,147.33,168.73,141.58,133.86
2023-06-29,127.80,142.06,119.81,79.90,88.76,179.78,146.51,166.71,143.94,133.31
2023-06-30,126.51,146.38,122.12,79.58,88.08,180.73,145.56,170.61,142.61,132.49
2023-07-01,127.01,146.50,119.25,81.57,89.49,179.60,149.00,173.80,141.38,131.81
2023-07-02,125.07,147.87,120.55,82.04,88.13,178.50,148.91,172.82,144.28,130.91
2023-07-03,125.16,149.93,121.41,82.64,89.07,172.98,147.72,174.37,146.99,131.51
2023-07-04,121.99,148.90,122.11,83.45,88.20,170.40,147.47,176.11,146.32,133.32
2023-07-05,122.90,150.91,121.55,83.18,86.87,169.94,150.42,176.32,146.07,133.70
2023-07-06,123.08,148.38,119.16,84.19,87.37,175.18,152.68,177.69,150.44,131.71
2023-07-07,122.29,145.61,118.03,83.40,86.96,175.80,154.53,176.47,151.78,129.70
2023-07-08,122.76,148.26,119.38,84.35,87.86,178.24,156.54,176.69,151.72,129.31
2023-07-09,125.77,148.06,115.94,84.76,89.36,176.32,158.04,172.22,150.54,128.79
2023-07-10,125.91,142.82,119.61,85.78,87.53,177.24,158.53,168.02,148.71,131.01
2023-07-11,124.69,143.41,116.81,86.61,89.32,178.57,154.61,163.98,152.49,129.36
2023-07-12,122.91,143.38,115.08,87.41,89.00,178.12,150.80,164.60,151.67,130.93
2023-07-13,124.35,138.42,112.86,85.10,87.70,179.57,151.76,165.31,150.34,136.58
2023-07-14,122.78,138.31,113.34,84.00,88.73,182.09,154.90,164.06,156.69,135.58
2023-07-15,123.85,138.48,111.67,82.00,88.74,182.57,153.85,165.81,158.19,135.64
2023-07-16,124.20,142.32,110.40,80.47,87.64,180.63,150.84,170.38,158.36,134.02
2023-07-17,125.89,138.57,110.60,80.93,85.34,177.25,148.90,170.96,159.96,134.93
2023-07-18,123.51,135.06,111.76,81.09,83.79,174.65,146.27,168.98,160.24,133.47
2023-07-19,125.40,130.96,111.69,79.74,82.27,171.13,147.71,165.57,157.23,130.62
2023-07-20,122.76,131.62,110.65,78.91,83.42,170.69,151.59,165.65,162.73,129.29
2023-07-21,121.16,131.15,108.24,79.20,83.10,170.89,152.75,162.44,165.35,130.68
2023-07-22,121.36,128.69,108.81,77.70,82.05,173.01,156.13,163.43,165.79,134.57
2023-07-23,120.74,126.85,112.68,75.92,83.00,170.28,158.26,161.87,165.52,135.05
2023-07-24,120.63,130.44,112.87,74.18,82.99,172.74,155.64,167.98,163.61,136.44
2023-07-25,119.77,131.81,112.62,75.49,84.97,171.94,155.25,168.24,163.00,138.61
2023-07-26,120.06,130.29,113.03,72.86,84.74,176.43,157.65,167.54,157.60,142.71
2023-07-27,121.80,127.00,111.67,73.92,84.81,177.04,156.42,168.29,157.23,142.29
2023-07-28,122.98,125.53,116.36,71.37,82.46,175.36,158.38,170.34,160.41,142.74
2023-07-29,122.45,123.36,117.61,71.36,83.57,178.07,158.57,172.44,162.36,142.77
2023-07-30,124.27,120.75,116.58,70.43,85.44,176.28,158.44,172.83,160.98,144.27
2023-07-31,127.67,119.10,117.02,70.81,86.49,178.50,158.47,173.34,158.39,143.97
2023-08-01,127.11,118.62,116.87,71.19,84.99,180.60,156.22,170.93,155.34,144.41
2023-08-02,123.73,116.56,116.44,70.66,87.31,179.04,159.72,169.34,157.01,141.07
2023-08-03,121.13,116.57,114.83,71.05,88.42,187.20,156.01,169.68,160.09,142.63
2023-08-04,124.44,117.56,113.92,73.30,88.48,188.46,155.58,169.05,161.98,142.42
2023-08-05,125.74,118.63,115.46,74.45,87.08,194.92,155.35,171.19,160.37,143.82
2023-08-06,125.55,118.85,112.12,73.33,87.88,193.65,155.81,170.24,159.46,143.60
2023-08-07,124.80,117.35,110.49,73.53,86.94,192.25,156.01,165.73,158.11,142.27
2023-08-08,128.31,116.44,110.73,73.37,87.29,196.51,153.38,165.52,159.95,143.75
2023-08-09,129.50,119.72,109.98,73.46,90.02,191.89,151.96,163.41,162.02,141.67
2023-08-10,127.97,118.73,111.01,74.15,88.82,192.19,155.86,162.92,161.77,141.72
2023-08-11,127.53,120.69,110.14,73.84,88.00,189.96,158.93,164.76,165.19,138.75
2023-08-12,126.76,120.58,110.99,73.55,90.03,189.52,161.07,165.63,168.20,140.69
2023-08-13,127.02,121.76,114.12,76.20,92.15,191.52,160.80,165.11,167.09,138.04
2023-08-14,128.83,121.46,116.75,75.69,92.94,196.89,166.28,165.81,168.96,138.57
2023-08-15,128.12,120.74,117.25,76.35,90.94,194.82,162.46,166.98,168.96,140.98
2023-08-16,129.63,121.21,114.06,74.21,90.02,192.84,165.87,167.73,169.13,138.40
2023-08-17,132.38,119.43,113.84,74.56,90.86,190.86,167.41,168.01,167.80,137.74
2023-08-18,133.84,117.20,113.81,73.53,90.01,186.70,166.87,166.34,172.33,135.26
2023-08-19,133.53,115.81,116.46,74.13,91.39,185.60,165.78,166.22,171.50,133.08
2023-08-20,136.39,118.19,117.71,75.53,92.07,185.85,164.17,164.80,172.74,133.93
2023-08-21,137.96,115.91,117.17,76.18,91.42,180.85,163.67,162.20,175.21,135.04
2023-08-22,136.95,115.61,117.87,76.35,89.93,177.72,162.03,163.18,178.21,134.99
2023-08-23,140.01,115.85,116.99,78.38,89.60,176.81,162.75,165.85,179.23,137.23
2023-08-24,136.33,116.77,118.40,78.77,90.42,177.06,163.24,162.41,176.88,142.54
2023-08-25,136.11,115.22,119.42,77.87,89.37,178.56,168.48,162.54,175.17,143.66
2023-08-26,137.18,113.67,114.34,78.82,87.16,180.79,169.85,163.21,174.15,144.79
2023-08-27,131.97,112.60,117.93,78.60,87.21,181.76,170.38,166.22,174.35,147.24
2023-08-28,129.34,113.40,116.90,78.19,85.49,184.08,173.38,164.96,173.31,150.63
2023-08-29,127.49,114.86,118.30,78.72,84.58,187.50,173.28,165.37,175.31,151.51
2023-08-30,127.58,115.64,118.65,80.82,86.41,185.79,172.59,162.61,172.47,154.90
2023-08-31,129.02,114.41,120.31,81.53,85.89,187.12,167.07,163.34,167.72,157.42
2023-09-01,133.95,112.71,120.61,80.25,84.76,186.05,173.01,160.18,171.68,157.68
2023-09-02,132.50,113.23,121.85,76.50,84.12,186.62,173.17,156.52,168.35,153.45
2023-09-03,134.21,114.53,121.78,76.78,85.19,185.76,175.33,156.29,161.91,153.20
2023-09-04,136.70,113.68,119.97,77.67,85.06,187.17,177.04,158.78,165.06,154.15
2023-09-05,134.74,114.62,118.58,78.47,83.78,186.34,175.17,154.81,163.24,155.66
2023-09-06,134.90,114.47,115.72,77.49,84.29,182.28,175.45,151.68,162.85,156.54
2023-09-07,133.71,113.21,117.38,76.82,84.51,181.88,172.27,153.11,169.38,153.69
2023-09-08,133.52,112.14,115.23,76.04,81.83,181.27,173.06,153.95,170.29,154.93
2023-09-09,132.47,111.98,112.66,77.96,81.73,182.49,178.80,152.75,169.98,156.56
2023-09-10,132.81,112.85,110.50,78.38,83.50,184.33,179.22,155.94,172.19,151.55
2023-09-11,135.03,113.18,108.76,78.14,83.94,181.16,175.95,154.50,171.70,147.73
2023-09-12,133.37,109.75,106.41,78.76,85.58,182.29,180.64,152.21,172.24,145.53
2023-09-13,136.85,110.75,103.96,79.42,85.97,187.15,177.72,147.75,171.58,146.40
2023-09-14,140.93,109.42,101.94,79.52,86.63,189.19,177.97,148.19,175.17,149.82
2023-09-15,136.95,109.79,99.49,78.53,86.69,184.35,179.10,144.53,177.06,149.86
2023-09-16,133.01,110.89,98.96,79.81,85.70,182.45,181.46,144.10,176.20,146.66
2023-09-17,131.25,108.82,97.00,78.79,88.92,182.11,182.28,146.81,177.92,149.54
2023-09-18,132.95,111.61,96.66,80.09,89.47,185.02,181.52,143.54,177.01,151.04
2023-09-19,134.50,111.87,95.67,78.09,90.31,182.23,182.66,144.47,173.74,150.19
2023-09-20,128.47,113.89,96.21,77.72,89.67,183.11,181.46,148.60,172.20,153.53
2023-09-21,126.66,114.00,97.24,78.21,90.08,184.30,176.92,150.19,170.04,156.67
2023-09-22,124.70,114.15,98.90,77.80,89.51,181.26,179.08,156.65,170.31,159.65
2023-09-23,128.10,114.43,99.63,77.62,90.34,186.81,180.71,157.65,174.77,156.06
2023-09-24,126.08,118.36,97.27,76.74,90.62,185.50,180.26,156.69,174.31,154.93
2023-09-25,125.37,117.62,96.25,76.72,89.77,186.72,179.90,157.67,176.86,158.07
2023-09-26,127.40,117.92,98.08,77.31,89.22,187.89,181.18,162.79,182.86,157.12
2023-09-27,126.95,117.69,95.51,78.39,89.95,189.74,178.18,162.00,179.48,156.74
2023-09-28,130.04,117.57,96.35,76.57,91.26,189.61,177.08,160.30,183.60,157.11
2023-09-29,128.44,117.61,96.12,76.06,88.66,186.35,177.48,161.71,185.38,157.59
2023-09-30,130.72,112.69,95.65,77.27,87.78,188.60,177.66,160.18,181.93,155.82
2023-10-01,130.59,114.66,95.65,77.05,88.28,186.16,177.41,164.30,180.66,157.37
2023-10-02,129.24,113.79,93.96,77.69,85.74,188.68,171.03,162.53,180.94,162.00
2023-10-03,130.39,114.65,97.54,77.50,86.69,190.83,168.10,163.11,180.29,162.00
2023-10-04,127.92,116.79,99.74,78.69,86.04,191.55,169.16,163.44,180.92,166.11
2023-10-05,127.87,115.80,103.39,78.42,85.71,190.91,167.37,156.70,181.52,166.90
2023-10-06,128.92,118.02,102.60,78.72,85.29,187.38,165.52,155.98,181.22,167.34
2023-10-07,132.34,118.31,100.72,77.18,86.81,186.85,169.37,152.54,179.11,166.16
2023-10-08,136.66,119.09,100.27,76.48,86.39,184.02,172.93,152.97,184.73,166.76
2023-10-09,135.54,118.47,99.46,77.57,84.72,181.71,171.25,155.22,182.78,164.26
2023-10-10,134.28,118.32,101.92,76.96,82.49,182.68,172.68,159.24,189.09,161.39
2023-10-11,133.89,121.58,102.27,75.40,83.28,184.84,170.78,161.55,188.95,160.24
2023-10-12,133.51,120.26,102.70,74.69,83.14,185.70,167.53,161.81,191.79,163.64
2023-10-13,131.55,121.36,101.63,73.11,84.77,186.50,170.01,161.13,192.96,160.70
2023-10-14,131.11,123.31,102.51,73.51,84.59,185.24,168.34,163.81,193.92,159.05
2023-10-15,127.58,123.20,102.19,74.21,85.12,189.82,165.63,165.05,195.90,156.38
2023-10-16,129.37,122.87,101.08,74.80,83.06,179.00,165.97,163.42,198.07,159.06
2023-10-17,125.05,119.36,98.86,76.14,83.99,175.35,164.85,162.25,197.86,157.18
2023-10-18,124.71,120.63,98.31,77.30,82.76,175.43,161.86,160.81,201.80,156.97
2023-10-19,127.41,120.14,97.82,75.46,81.99,180.66,161.43,160.63,200.36,155.43
2023-10-20,127.45,122.86,98.29,74.56,84.13,178.82,161.84,154.22,205.77,160.56
2023-10-21,127.56,121.51,99.50,74.66,82.10,178.81,160.36,152.48,205.80,162.02
2023-10-22,126.15,122.14,97.96,75.21,83.05,178.92,156.59,151.60,201.30,161.08
2023-10-23,125.85,124.56,97.25,76.62,83.31,183.28,158.78,151.03,202.76,161.08
2023-10-24,123.76,122.85,95.87,76.93,81.78,183.70,155.51,152.29,196.66,159.94
2023-10-25,125.70,122.22,95.78,78.13,81.52,182.91,157.38,154.55,193.50,155.59
2023-10-26,127.12,118.51,96.30,76.57,80.88,184.00,159.95,156.69,200.41,158.94
2023-10-27,124.29,120.71,96.87,76.83,81.87,189.85,162.24,158.86,197.82,158.05
2023-10-28,131.70,119.14,96.85,78.41,78.89,186.53,162.22,155.64,200.39,158.99
2023-10-29,136.33,121.15,96.08,79.13,78.40,182.75,162.76,154.44,206.41,161.38
2023-10-30,134.75,124.82,96.78,80.75,81.87,181.84,168.33,154.06,204.10,166.30
2023-10-31,135.55,123.13,96.66,80.96,83.31,182.38,170.35,155.43,203.45,167.65
2023-11-01,136.41,120.35,98.40,81.75,83.24,182.28,173.02,156.52,203.80,168.52
2023-11-02,137.11,120.85,98.01,81.95,85.10,186.42,173.11,154.59,207.44,168.67
2023-11-03,139.39,120.75,97.93,81.10,83.08,194.31,174.20,152.49,208.82,167.88
2023-11-04,135.41,122.07,96.94,79.88,83.01,194.79,173.37,152.57,210.12,168.75
2023-11-05,135.12,121.36,97.83,78.15,84.39,190.78,176.83,150.70,207.56,168.27
2023-11-06,133.33,120.95,99.16,77.21,82.78,186.72,178.85,150.94,205.91,168.93
2023-11-07,130.97,121.49,100.40,76.80,83.78,182.84,177.83,146.64,206.43,172.74
2023-11-08,132.34,122.82,98.87,76.46,84.00,178.14,177.30,146.34,209.00,173.96
2023-11-09,130.95,122.44,99.28,77.03,86.22,180.93,179.38,146.09,203.56,169.27
2023-11-10,133.10,124.25,97.99,76.37,87.20,181.73,177.73,146.87,202.89,166.86
2023-11-11,134.72,126.72,101.36,74.98,86.98,187.51,178.94,148.17,200.82,161.94
2023-11-12,136.00,126.81,99.44,73.73,85.82,189.06,174.86,147.56,207.11,161.17
2023-11-13,137.96,126.64,99.48,75.02,86.17,187.94,173.34,143.21,206.06,158.85
2023-11-14,138.16,126.72,101.59,76.28,85.37,187.32,179.91,143.09,207.73,158.97
2023-11-15,136.35,128.51,103.06,76.45,85.61,186.06,185.75,144.56,205.43,155.03
2023-11-16,136.84,129.00,104.28,76.78,84.56,185.55,182.33,142.59,208.21,153.73
2023-11-17,138.54,126.45,105.04,77.23,88.70,182.32,183.32,143.05,209.78,153.25
2023-11-18,136.16,125.94,105.44,77.83,88.18,181.12,185.07,142.61,208.39,151.51
2023-11-19,134.55,126.09,105.01,80.76,88.05,181.75,191.61,141.91,211.77,153.84
2023-11-20,134.60,126.98,104.65,79.90,86.32,182.25,196.85,141.61,205.22,156.39
2023-11-21,135.15,128.66,104.13,79.40,83.60,183.99,193.50,140.63,209.08,154.18
2023-11-22,136.19,131.04,103.81,77.61,85.13,179.89,192.48,142.18,209.57,156.49
2023-11-23,136.49,129.40,105.91,77.98,85.74,180.54,185.79,142.91,210.21,156.77
2023-11-24,134.52,131.96,107.90,79.07,85.60,178.00,186.83,141.43,210.51,157.89
2023-11-25,135.98,130.41,109.10,79.49,85.18,178.11,188.35,142.74,209.86,157.95
2023-11-26,137.87,130.09,107.87,80.19,86.85,172.16,191.63,143.79,211.46,161.57
2023-11-27,136.52,130.25,111.00,80.42,86.54,170.38,195.07,143.46,215.42,155.86
2023-11-28,136.71,126.77,111.73,80.01,85.16,169.25,198.09,142.82,213.85,154.77
2023-11-29,135.92,126.84,111.05,80.04,84.88,172.08,198.48,141.16,209.32,153.74
2023-11-30,137.16,122.36,111.81,79.58,85.56,167.47,199.26,139.28,212.18,155.89
2023-12-01,136.24,121.59,111.75,80.92,84.00,168.15,200.23,139.54,213.28,153.48
2023-12-02,135.40,122.13,109.33,81.00,84.30,168.34,198.55,138.37,215.36,152.31
2023-12-03,133.55,121.34,108.64,80.44,85.54,168.63,195.25,137.47,217.92,156.48
2023-12-04,132.00,126.36,108.03,81.29,84.25,169.40,196.66,137.73,220.43,160.36
2023-12-05,134.36,124.93,109.06,81.60,81.86,170.47,194.55,136.96,222.61,159.23
2023-12-06,135.27,126.83,109.09,80.94,81.52,174.27,199.63,140.67,227.71,163.63
2023-12-07,133.84,126.00,107.46,81.23,82.32,173.90,198.29,141.03,229.02,162.47
2023-12-08,138.63,125.89,106.96,83.13,82.74,177.28,195.16,142.90,236.85,163.21
2023-12-09,139.34,126.94,108.26,86.32,80.60,175.15,192.03,139.24,235.75,159.30
2023-12-10,140.22,128.46,107.31,83.60,79.96,178.99,186.86,136.50,236.43,160.38
2023-12-11,143.22,126.63,106.23,83.22,81.65,182.75,187.55,138.60,243.33,157.89
2023-12-12,140.92,125.16,106.87,83.24,81.04,183.20,189.71,137.78,238.48,155.75
2023-12-13,138.83,126.16,107.17,85.80,82.39,180.00,189.38,137.28,236.69,156.76
2023-12-14,137.36,126.54,110.35,84.96,82.29,178.60,190.53,137.74,244.57,156.04
2023-12-15,136.03,125.51,111.14,85.21,81.19,177.45,189.17,136.33,240.73,150.75
2023-12-16,137.06,123.33,110.60,87.12,79.58,176.21,187.01,133.12,241.44,149.13
2023-12-17,135.98,123.59,113.49,87.97,80.45,176.70,187.64,135.64,242.35,152.07
2023-12-18,134.76,123.83,112.60,86.24,80.52,175.90,188.42,134.26,236.48,151.38
2023-12-19,136.16,125.23,111.62,87.61,81.13,174.06,183.98,133.86,233.43,149.45
2023-12-20,133.63,121.02,110.16,85.05,82.44,173.76,186.28,136.64,234.12,154.28
2023-12-21,134.01,122.94,110.97,84.38,82.47,174.69,183.96,138.61,228.80,155.01
2023-12-22,134.10,119.85,111.76,84.83,82.42,173.76,182.70,139.20,226.54,157.28
2023-12-23,130.57,118.94,109.49,87.12,81.38,177.11,179.67,137.13,233.45,154.47
2023-12-24,130.36,119.59,110.31,86.39,82.10,178.29,180.94,136.66,229.90,154.39
2023-12-25,134.49,120.79,109.51,86.09,80.63,174.88,183.73,139.69,228.18,155.93
2023-12-26,130.56,119.33,107.77,83.88,81.19,170.79,186.47,140.97,227.53,159.07
2023-12-27,129.82,119.00,106.98,83.17,82.49,170.15,189.61,141.89,220.62,161.55
2023-12-28,130.85,120.14,106.39,80.68,83.25,171.58,191.54,145.15,217.60,157.53
2023-12-29,132.84,119.87,105.16,81.16,82.07,171.68,196.06,145.48,218.52,156.25
2023-12-30,129.85,117.29,104.67,81.11,81.04,170.79,202.19,147.68,216.21,156.83
2023-12-31,126.57,117.18,103.58,80.31,80.70,170.52,201.60,146.30,218.95,153.98
2024-01-01,127.79,117.84,104.63,78.95,82.57,171.71,200.18,148.35,221.04,156.61
2024-01-02,126.16,116.06,103.45,80.36,82.37,172.65,199.25,148.88,220.22,154.44
2024-01-03,127.49,118.00,106.08,79.41,81.88,177.60,198.02,146.97,214.22,151.80
2024-01-04,128.07,117.30,105.52,80.27,81.88,182.37,199.93,147.64,212.42,151.89
2024-01-05,128.84,115.95,105.07,80.85,81.73,183.62,196.97,147.16,212.11,149.98
2024-01-06,129.98,117.04,106.92,81.92,83.52,181.33,191.09,151.42,209.38,150.89
2024-01-07,130.65,116.71,107.60,80.10,84.04,181.57,197.10,151.89,206.60,149.97
2024-01-08,129.53,116.71,105.84,82.17,86.33,183.69,197.36,152.04,209.06,146.95
2024-01-09,129.74,115.39,105.48,80.61,84.22,183.30,195.06,152.18,209.62,146.21
2024-01-10,129.72,115.01,105.15,78.92,85.54,184.76,194.63,156.13,208.63,150.05
2024-01-11,129.28,116.73,105.82,81.22,86.76,182.33,194.61,157.79,204.40,150.71
2024-01-12,130.85,116.06,104.90,81.13,86.80,182.40,195.59,158.30,203.49,151.97
2024-01-13,133.07,116.63,105.38,80.08,88.94,182.14,192.21,158.53,204.10,152.69
2024-01-14,130.08,113.84,105.83,81.27,88.11,183.38,197.14,152.90,203.03,152.09
2024-01-15,132.24,114.14,110.09,79.96,88.25,177.97,202.15,151.15,203.47,151.68
2024-01-16,134.67,113.05,111.54,79.27,90.16,175.26,203.99,151.61,203.63,151.29
2024-01-17,136.62,110.34,113.06,78.02,89.13,175.97,207.70,150.91,199.89,150.91
2024-01-18,137.07,110.48,113.84,78.52,89.92,179.14,208.10,151.58,200.28,157.43
2024-01-19,136.20,108.63,116.28,79.41,92.05,180.00,209.76,148.63,203.20,153.94
2024-01-20,135.21,108.61,116.21,80.35,91.10,178.61,207.09,149.23,200.09,150.83
2024-01-21,134.86,103.48,115.77,81.04,89.14,178.53,207.28,146.24,196.74,153.85
2024-01-22,134.43,102.42,117.87,80.73,91.17,175.56,218.24,141.97,197.09,154.86
2024-01-23,131.84,101.14,117.69,79.98,93.20,175.88,218.05,140.20,191.97,155.01
2024-01-24,130.86,100.60,117.84,80.87,93.26,177.29,216.70,138.75,192.41,153.11
2024-01-25,131.29,101.34,119.19,83.48,93.04,174.86,211.47,139.00,195.74,156.23
2024-01-26,130.35,102.56,120.94,83.97,92.06,174.84,217.32,139.91,190.88,154.72
2024-01-27,130.29,99.61,122.21,81.31,92.55,168.52,217.39,139.70,197.97,153.68
2024-01-28,131.66,98.90,123.17,81.86,91.61,169.12,218.50,136.54,197.40,153.83
2024-01-29,133.87,96.82,119.50,83.35,92.84,166.16,213.85,135.26,194.50,154.80
2024-01-30,131.51,98.95,120.67,84.04,93.33,164.16,211.91,133.06,193.12,151.82
2024-01-31,131.06,99.49,121.11,82.12,93.75,160.57,215.30,135.64,189.65,146.62
2024-02-01,132.33,101.80,119.91,82.30,90.12,161.77,216.50,134.82,184.80,145.47
2024-02-02,128.86,100.04,119.11,84.06,89.93,160.18,218.13,136.02,186.56,144.67
2024-02-03,125.82,103.62,119.17,83.17,88.54,158.78,220.89,136.21,185.30,141.48
2024-02-04,129.28,106.27,120.50,84.76,87.51,158.06,218.48,135.74,182.93,142.40
2024-02-05,128.26,106.00,117.17,85.06,88.03,160.21,218.17,136.78,179.96,145.92
2024-02-06,126.97,108.53,117.38,87.22,88.84,156.00,216.94,134.68,176.74,147.51
2024-02-07,129.86,107.81,116.73,86.36,88.79,153.13,215.28,136.76,178.64,151.34
2024-02-08,131.47,104.58,117.89,88.49,90.16,155.44,212.18,137.32,175.79,152.55
2024-02-09,131.94,105.87,117.89,89.78,92.75,154.89,213.52,138.99,177.25,151.72
2024-02-10,136.89,105.66,115.55,89.64,92.94,154.28,213.88,138.28,175.73,153.28
2024-02-11,137.14,105.45,115.79,91.71,93.93,155.93,216.54,137.72,176.00,152.08
2024-02-12,137.21,106.26,116.32,89.08,96.25,150.05,216.45,140.13,176.00,154.03
2024-02-13,136.69,106.44,112.93,90.22,93.71,147.64,216.74,140.51,174.50,156.00
2024-02-14,137.01,106.80,116.65,89.78,94.78,150.07,219.56,141.52,172.85,153.43
2024-02-15,136.36,104.68,116.92,89.77,94.43,152.56,219.53,140.65,172.48,153.53
2024-02-16,139.17,101.81,118.45,87.02,93.94,151.96,217.13,141.60,172.07,153.80
2024-02-17,138.29,103.39,117.09,87.32,94.61,152.92,218.00,139.81,171.96,156.93
2024-02-18,140.59,101.70,117.59,86.20,91.96,155.20,215.02,135.86,168.81,155.86
2024-02-19,142.13,103.14,120.35,84.57,94.48,155.66,208.42,134.35,166.60,154.83
2024-02-20,143.13,104.22,118.51,85.72,93.71,154.97,207.58,131.63,166.04,156.30
2024-02-21,143.27,104.80,119.23,88.54,94.77,154.59,209.28,130.47,165.05,154.54
2024-02-22,141.81,105.82,117.40,89.17,95.74,155.46,205.39,128.85,165.77,152.68
2024-02-23,144.71,108.50,116.76,91.50,95.56,156.96,215.79,127.09,171.36,155.52
2024-02-24,143.98,109.66,115.70,92.99,98.34,158.99,212.65,126.68,171.31,153.73
2024-02-25,143.91,113.84,119.50,91.00,97.28,154.82,214.59,128.30,176.11,151.75
2024-02-26,141.98,110.49,118.18,92.21,96.93,155.34,214.31,127.33,176.80,150.55
2024-02-27,142.35,110.53,117.69,90.97,97.53,152.32,216.71,129.06,175.89,152.33
2024-02-28,145.28,109.87,119.87,91.38,99.42,150.71,215.00,129.45,174.24,154.38
2024-02-29,147.63,108.69,119.06,91.05,98.49,146.48,216.83,129.64,170.10,154.32
2024-03-01,145.22,110.30,122.75,89.96,101.32,144.57,218.08,132.38,160.98,153.30
2024-03-02,148.47,106.61,121.52,90.56,101.19,144.92,216.81,135.66,161.33,153.03
2024-03-03,150.28,109.67,119.43,90.52,100.65,147.29,217.59,136.78,165.27,155.37
2024-03-04,153.68,108.86,120.69,92.98,100.00,147.62,216.63,135.51,160.26,157.59
2024-03-05,152.08,110.03,117.65,94.44,100.93,147.92,215.29,134.81,157.20,156.63
2024-03-06,153.87,109.03,119.52,92.45,98.84,143.98,216.89,135.63,157.35,156.95
2024-03-07,154.05,108.85,121.35,90.73,97.11,140.66,215.34,132.24,155.68,159.11
2024-03-08,156.11,109.54,121.11,92.74,96.50,141.76,212.25,135.02,154.43,161.03
2024-03-09,154.96,108.39,118.35,92.26,96.23,138.66,212.92,138.71,154.70,159.36
2024-03-10,153.09,108.79,116.92,93.40,98.01,137.34,208.84,141.20,152.00,160.54
2024-03-11,153.43,107.35,117.88,95.38,97.20,136.18,212.72,138.74,155.25,161.31
2024-03-12,154.97,103.27,115.00,97.58,97.04,136.95,220.23,133.92,153.50,154.32
2024-03-13,154.07,103.81,113.86,96.82,96.51,137.36,223.10,134.09,154.37,156.10
2024-03-14,154.74,102.56,113.09,96.44,96.76,138.79,223.83,136.57,151.87,151.08
2024-03-15,154.72,102.95,114.14,95.05,97.67,136.64,224.33,136.75,155.28,150.60
2024-03-16,157.50,102.07,115.92,96.17,98.64,137.72,227.44,137.63,156.26,156.40
2024-03-17,155.55,101.28,116.97,96.12,99.10,141.00,228.47,136.80,156.64,155.38
2024-03-18,157.35,97.89,116.65,95.25,100.58,139.57,235.86,135.71,157.88,155.61
2024-03-19,152.85,97.67,119.10,93.23,102.52,138.55,230.53,135.03,157.51,155.86
2024-03-20,151.41,99.20,119.48,94.00,99.62,139.04,231.90,134.37,155.63,158.14
2024-03-21,144.70,100.56,119.95,96.45,96.71,138.63,231.84,134.79,156.36,160.73
2024-03-22,147.40,100.46,116.65,96.88,94.72,136.99,231.95,136.81,158.02,160.64
2024-03-23,143.51,97.98,115.53,95.60,94.85,138.43,227.52,136.21,154.05,159.51
2024-03-24,145.62,95.85,118.80,96.14,94.07,140.56,232.45,136.24,155.27,164.48
2024-03-25,139.49,94.95,119.03,96.01,92.98,137.70,229.78,136.08,150.93,166.09
2024-03-26,141.32,94.29,117.40,93.81,91.79,135.23,227.72,133.29,150.74,166.40
2024-03-27,141.33,93.49,118.34,92.31,93.28,137.93,228.63,133.71,151.61,167.33
2024-03-28,141.02,94.75,117.91,90.51,93.60,137.46,231.96,133.68,153.81,170.75
2024-03-29,141.82,94.70,114.15,89.47,92.47,139.44,233.86,133.51,152.88,169.98
2024-03-30,141.34,94.28,116.82,91.34,92.11,135.41,236.85,131.41,148.85,168.82
2024-03-31,140.38,92.06,118.89,92.80,91.63,134.42,236.67,129.85,146.42,168.91
2024-04-01,142.11,91.84,119.80,92.02,92.01,131.30,229.44,127.82,143.96,166.21
2024-04-02,139.43,90.86,122.93,92.10,90.81,127.53,233.36,127.55,148.92,164.46
2024-04-03,138.26,91.73,121.08,91.39,90.60,126.03,235.17,127.25,149.79,163.94
2024-04-04,137.74,91.43,118.02,92.11,89.05,127.76,241.48,129.55,149.47,162.12
2024-04-05,136.87,92.43,119.24,89.88,88.68,126.38,236.59,130.98,150.11,159.01
2024-04-06,141.39,93.61,119.47,90.21,89.90,126.27,235.71,130.62,151.05,155.62
2024-04-07,140.52,95.29,119.05,92.14,90.65,128.47,237.19,128.84,153.01,152.43
2024-04-08,141.42,93.47,121.48,91.00,91.65,128.98,234.81,129.69,157.54,151.95
2024-04-09,139.07,94.46,124.16,88.58,90.24,127.97,238.61,132.44,156.99,148.47
2024-04-10,137.99,94.70,121.54,89.95,88.89,128.52,244.16,135.16,157.29,147.68
2024-04-11,140.26,93.39,120.31,91.18,89.51,133.59,246.47,133.89,157.88,147.52
2024-04-12,144.41,93.82,118.25,93.27,89.47,135.42,258.76,133.11,151.47,146.85
2024-04-13,146.41,95.20,118.90,90.20,89.93,133.65,258.04,133.66,151.01,148.34
2024-04-14,144.58,94.97,122.46,90.94,90.69,137.03,261.08,138.46,145.82,147.50
2024-04-15,146.26,94.63,126.48,90.77,91.77,140.03,263.03,136.13,143.09,150.61
2024-04-16,147.48,96.16,124.90,88.67,89.94,143.62,261.88,138.80,143.58,153.86
2024-04-17,147.46,94.41,126.59,90.85,90.24,141.97,259.66,135.53,146.74,153.41
2024-04-18,147.29,94.44,129.83,90.69,92.18,142.42,257.39,133.14,146.70,152.78
2024-04-19,145.91,92.72,128.41,89.18,92.53,141.96,253.18,134.87,146.07,150.06
2024-04-20,148.42,92.94,129.14,88.92,92.40,143.27,248.35,134.14,147.05,146.12
2024-04-21,150.96,96.43,131.09,89.06,93.89,141.75,246.30,134.43,150.52,145.85
2024-04-22,149.71,98.34,129.22,89.69,95.38,140.66,246.15,134.02,150.34,143.46
2024-04-23,155.02,98.52,131.34,87.70,97.26,139.66,246.83,133.01,147.30,139.95
2024-04-24,156.85,97.56,134.15,90.63,97.83,139.27,250.92,134.68,146.95,143.94
2024-04-25,156.01,96.89,133.99,92.50,98.31,142.88,254.27,132.42,149.34,147.04
2024-04-26,153.77,94.52,130.86,92.87,99.00,140.33,255.36,134.34,149.51,148.77
2024-04-27,152.51,91.56,131.08,91.89,101.32,142.06,260.17,135.43,156.33,146.73
2024-04-28,154.25,89.46,130.64,90.32,101.74,141.16,254.96,137.08,157.74,147.80
2024-04-29,154.01,87.88,130.20,90.44,102.68,140.47,253.39,136.02,155.00,146.93
2024-04-30,155.52,89.33,130.00,91.20,99.17,139.89,253.59,134.82,158.31,145.89
2024-05-01,156.06,89.75,130.55,94.93,101.32,138.91,260.57,135.50,151.36,145.76
2024-05-02,160.35,88.35,136.10,95.81,102.46,137.69,262.79,133.65,152.41,142.54
2024-05-03,160.69,87.98,134.60,95.64,102.75,138.55,264.75,138.25,157.70,144.40
2024-05-04,162.59,88.62,133.33,95.12,103.64,137.71,266.35,139.53,155.27,144.87
2024-05-05,158.24,88.83,133.68,98.31,104.31,136.26,265.43,140.30,152.32,142.78
2024-05-06,157.23,89.48,133.08,98.73,105.42,133.68,268.04,142.56,154.29,140.94
2024-05-07,158.35,89.95,131.68,99.84,103.87,130.45,274.86,145.27,153.62,143.92
2024-05-08,157.11,89.16,129.77,98.48,104.21,128.16,276.59,145.64,152.79,144.71
2024-05-09,155.56,89.05,127.59,96.43,105.53,127.50,280.92,149.00,152.95,148.08
2024-05-10,151.88,89.66,126.62,97.06,105.37,125.40,281.87,153.19,155.69,146.90
2024-05-11,152.52,89.27,128.20,98.17,107.31,124.70,290.02,150.52,151.47,144.32
2024-05-12,152.25,89.75,129.68,98.15,106.97,122.48,291.94,150.99,149.34,143.06
2024-05-13,156.00,89.95,128.54,96.20,108.28,124.11,288.80,151.57,147.27,146.77
2024-05-14,157.29,90.01,128.80,97.23,108.30,124.08,288.59,152.80,151.79,146.76
2024-05-15,162.12,89.02,127.81,98.19,110.50,122.12,291.49,153.13,155.79,149.02
2024-05-16,163.86,88.62,125.19,99.81,111.59,123.31,293.43,152.33,153.79,152.23
2024-05-17,164.33,89.23,124.55,97.70,110.68,122.75,289.53,156.90,156.08,154.45
2024-05-18,166.14,89.04,123.82,99.70,115.71,126.43,288.87,152.87,158.76,155.16
2024-05-19,162.00,88.66,121.71,100.71,117.43,127.26,293.03,150.64,158.12,150.84
2024-05-20,159.17,88.87,119.81,98.26,118.80,131.24,291.57,148.19,158.01,153.09
2024-05-21,158.29,87.63,121.50,97.07,114.09,131.16,293.63,148.09,158.00,154.81
2024-05-22,158.29,87.08,125.26,99.31,114.65,131.35,294.07,146.63,157.22,156.87
2024-05-23,158.63,84.08,127.34,100.38,115.29,132.74,291.01,144.42,159.22,159.10
2024-05-24,157.58,82.60,127.29,102.13,115.73,130.74,294.99,145.68,155.36,162.50
2024-05-25,161.68,83.33,125.70,101.80,116.05,129.79,299.80,143.45,152.27,161.57
2024-05-26,158.93,83.60,124.20,102.13,114.87,130.96,304.42,144.70,154.54,161.66
2024-05-27,155.25,82.36,126.15,105.42,111.99,130.90,308.12,145.11,156.77,162.97
2024-05-28,152.44,80.68,124.91,106.21,112.22,130.11,306.22,147.70,159.15,161.85
2024-05-29,151.61,80.38,124.67,107.40,112.26,131.87,312.59,146.35,161.67,164.89
2024-05-30,152.15,79.71,125.04,108.31,108.72,131.07,316.02,143.30,160.06,162.75
2024-05-31,150.27,79.49,128.26,106.29,108.13,128.24,316.12,140.44,160.55,160.06
2024-06-01,151.49,79.23,127.17,107.55,108.09,127.42,317.41,141.70,160.89,161.07
2024-06-02,153.50,78.59,128.96,107.70,107.82,126.53,321.62,142.86,163.04,161.73
2024-06-03,149.53,80.03,128.77,108.42,105.75,127.86,320.96,141.22,158.32,161.60
2024-06-04,153.03,79.52,129.34,107.32,104.19,126.43,325.81,143.55,157.81,165.31
2024-06-05,153.60,81.59,130.38,110.69,104.19,124.50,325.71,142.27,159.42,166.02
2024-06-06,152.12,81.98,131.93,112.10,102.60,125.69,325.27,141.71,160.70,164.73
2024-06-07,152.31,82.11,129.37,112.84,101.01,126.42,320.30,143.96,161.37,164.21
2024-06-08,152.10,80.11,132.31,115.41,102.88,124.68,319.99,145.41,163.37,165.48
2024-06-09,153.37,83.39,132.36,113.91,103.52,121.82,318.44,149.34,160.44,165.02
2024-06-10,151.07,85.77,130.84,113.41,102.13,121.25,318.22,151.43,157.15,166.15
2024-06-11,151.72,87.64,132.31,114.49,104.91,124.45,316.05,148.76,158.59,170.68
2024-06-12,153.91,87.58,129.66,115.09,105.13,127.48,315.66,147.04,159.45,167.52
2024-06-13,152.38,87.94,127.49,116.05,103.49,129.25,311.11,145.88,159.97,170.70
2024-06-14,151.28,88.73,130.10,117.96,103.04,127.71,315.98,147.79,161.50,168.83
2024-06-15,151.52,90.20,129.48,118.69,102.71,129.04,312.82,150.96,160.82,167.39
2024-06-16,154.88,90.47,126.80,117.57,105.33,127.02,307.61,156.12,156.76,168.03
2024-06-17,151.33,90.19,126.08,118.62,104.33,123.66,306.15,155.36,159.95,168.72
2024-06-18,153.09,90.62,129.57,119.59,103.56,124.75,304.21,151.91,160.77,171.93
2024-06-19,153.62,90.97,132.04,118.63,103.09,126.39,306.15,153.39,158.38,169.00
2024-06-20,154.17,93.53,135.07,118.21,104.55,124.82,314.42,151.86,156.73,169.24
2024-06-21,152.34,94.34,134.84,118.87,104.19,126.87,312.59,149.95,155.16,172.00
2024-06-22,150.58,93.63,136.13,121.98,101.87,127.73,313.95,154.22,152.07,173.38
2024-06-23,153.21,91.39,136.43,123.26,103.52,128.11,309.57,152.17,155.71,174.32
2024-06-24,149.79,90.79,136.27,125.51,103.86,128.41,307.72,150.89,155.43,173.37
2024-06-25,146.97,89.59,135.14,124.70,103.75,127.11,306.62,151.77,156.74,170.22
2024-06-26,148.58,88.70,138.46,124.88,100.28,129.93,302.78,150.27,154.55,167.75
2024-06-27,147.48,88.06,138.63,122.46,99.68,132.68,302.21,150.43,152.25,164.40
2024-06-28,146.21,87.68,136.15,122.06,98.63,132.35,298.07,150.39,153.62,164.25
2024-06-29,148.80,89.38,135.43,123.22,97.22,131.16,295.66,152.67,151.74,161.37
2024-06-30,147.00,88.82,136.12,124.75,96.69,128.60,296.06,148.37,151.26,163.84
2024-07-01,148.66,87.67,134.93,125.20,94.62,128.45,289.10,145.70,153.99,162.45
2024-07-02,152.73,89.03,132.36,123.08,94.20,128.79,284.59,143.83,155.92,162.68
2024-07-03,152.70,87.87,129.54,123.86,95.64,130.31,279.16,142.30,157.56,164.02
2024-07-04,154.76,87.56,128.45,125.84,96.14,134.13,278.38,141.90,159.86,162.63
2024-07-05,161.30,87.17,130.47,125.50,94.03,130.47,277.93,142.04,161.20,164.60
2024-07-06,158.28,87.76,130.60,126.50,92.68,131.95,274.34,143.60,163.95,168.70
2024-07-07,155.08,88.59,130.35,129.56,94.32,136.43,273.37,145.25,166.70,167.76
2024-07-08,150.70,88.25,132.27,129.48,94.58,136.37,273.18,143.38,166.69,167.06
2024-07-09,150.53,88.59,134.71,127.49,97.75,135.58,276.29,143.48,165.97,168.31
2024-07-10,149.72,86.58,133.36,130.17,96.70,139.51,272.63,143.21,164.93,173.69
2024-07-11,150.24,87.97,133.87,126.53,95.17,140.78,273.31,144.09,163.99,170.86
2024-07-12,152.55,88.91,132.63,131.55,92.54,141.74,277.32,143.66,169.42,171.87
2024-07-13,152.35,90.54,136.83,131.50,93.53,139.50,277.94,144.74,168.31,169.41
2024-07-14,152.44,89.78,134.08,129.46,93.82,141.04,278.25,143.57,171.09,169.85
2024-07-15,147.96,90.68,133.31,129.55,92.51,144.91,274.49,143.14,167.92,167.70
2024-07-16,145.13,90.31,133.29,127.44,92.15,143.63,272.21,143.26,168.67,170.59
2024-07-17,147.61,91.23,132.94,124.26,92.12,140.85,277.59,146.76,166.17,174.24
2024-07-18,145.61,89.97,135.28,125.03,94.44,142.39,281.49,142.26,169.57,170.15
2024-07-19,150.11,90.66,137.38,126.28,95.07,143.74,281.48,140.39,166.53,171.05
2024-07-20,149.83,90.88,137.78,127.54,97.79,142.42,284.02,143.60,165.86,173.10
2024-07-21,152.02,90.20,136.52,125.90,97.62,143.45,289.46,142.36,168.76,175.48
2024-07-22,149.15,90.81,136.56,126.63,97.03,144.85,281.11,140.51,167.57,179.16
2024-07-23,149.21,91.20,134.36,128.22,98.14,144.14,289.52,138.97,168.88,179.62
2024-07-24,150.09,92.24,132.17,130.83,99.06,142.79,291.40,140.21,170.19,178.62
2024-07-25,152.90,88.12,133.19,129.92,100.48,145.15,289.57,140.39,169.66,177.63
2024-07-26,153.12,88.08,134.40,129.37,102.72,144.88,285.69,138.37,163.27,179.23
2024-07-27,151.32,88.38,133.95,129.50,103.34,148.04,287.41,136.92,160.66,176.31
2024-07-28,149.67,87.31,132.71,128.74,105.46,147.50,288.29,137.03,163.98,174.13
2024-07-29,148.66,87.86,134.60,131.69,106.00,146.35,289.35,135.79,163.80,170.48
2024-07-30,145.01,88.40,135.90,132.74,104.48,144.96,295.04,135.21,158.74,172.16
2024-07-31,145.96,87.94,131.91,136.79,104.47,146.39,299.13,138.64,157.99,167.83
2024-08-01,146.90,86.92,133.93,136.62,105.00,148.86,290.47,141.62,154.46,165.77
2024-08-02,143.77,88.64,134.49,139.14,107.29,148.59,294.00,143.40,151.61,167.99
2024-08-03,144.78,89.82,134.53,137.73,108.03,145.22,298.56,141.94,155.24,170.01
2024-08-04,147.29,91.09,134.27,135.46,109.11,142.80,306.16,141.64,156.55,172.68
2024-08-05,143.74,93.21,131.83,136.87,106.59,145.94,310.63,142.46,159.30,176.16
2024-08-06,143.43,90.47,129.45,137.89,109.42,145.77,305.91,144.11,155.81,175.01
2024-08-07,146.40,88.92,126.92,139.44,109.39,146.20,309.06,145.02,154.82,173.93
2024-08-08,147.20,89.58,129.42,137.95,110.80,146.44,302.99,147.96,153.24,176.84
2024-08-09,144.82,89.01,132.21,138.83,111.76,145.05,295.68,144.35,149.01,174.20
2024-08-10,146.16,86.61,130.00,138.83,111.83,144.61,289.60,146.64,149.45,170.91
2024-08-11,145.66,83.75,129.62,141.69,115.25,143.08,291.64,148.21,149.14,174.33
2024-08-12,145.50,86.15,131.98,143.72,114.39,143.85,297.23,147.84,148.55,177.03
2024-08-13,146.29,86.08,131.88,144.28,110.80,145.12,290.11,151.66,148.39,174.74
2024-08-14,147.51,84.88,132.24,142.88,110.55,143.71,288.33,151.22,153.26,171.67
2024-08-15,149.69,81.71,134.17,143.34,109.19,143.74,288.87,154.86,146.83,167.85
2024-08-16,149.84,82.39,134.66,143.09,108.43,143.94,291.97,157.49,150.61,164.17
2024-08-17,149.28,82.14,134.71,142.40,107.79,148.32,295.87,155.73,151.04,164.69
2024-08-18,149.85,80.88,136.02,139.70,107.04,148.65,300.09,153.91,150.18,162.86
2024-08-19,148.15,79.96,135.54,140.36,107.99,150.83,297.86,153.74,145.35,161.15
2024-08-20,148.54,79.57,137.21,144.56,109.09,151.36,301.83,150.83,146.36,167.30
2024-08-21,147.21,80.43,136.71,143.43,110.01,147.32,301.38,150.57,146.76,163.86
2024-08-22,143.10,80.28,137.29,144.55,108.62,148.95,303.50,151.67,148.16,166.59
2024-08-23,146.78,80.49,136.17,146.06,107.73,149.51,293.61,154.87,147.42,165.73
2024-08-24,143.52,81.65,138.35,148.56,104.83,145.97,295.40,155.69,147.46,167.82
2024-08-25,146.36,83.34,137.22,146.38,103.83,145.85,290.44,154.42,146.87,168.12
2024-08-26,143.76,82.94,137.31,145.17,101.43,142.36,289.72,152.53,146.40,170.89
2024-08-27,143.24,80.96,139.19,143.37,102.00,141.48,291.43,154.08,146.05,173.59
2024-08-28,144.15,80.76,140.55,144.14,103.22,143.02,290.92,157.64,147.81,171.05
2024-08-29,145.90,79.18,137.59,144.87,101.87,140.72,297.07,160.61,145.24,166.91
2024-08-30,148.25,77.30,139.53,143.83,103.47,148.35,301.13,159.91,142.97,167.01
2024-08-31,151.58,75.02,137.68,147.77,102.03,149.48,307.52,158.62,143.29,169.01
2024-09-01,149.23,74.28,135.20,147.23,102.74,148.19,309.92,155.19,143.00,169.88
2024-09-02,147.76,75.35,136.33,145.53,101.18,152.78,310.59,154.54,141.43,171.22
2024-09-03,146.14,76.15,135.23,145.24,99.63,152.90,308.79,150.12,139.79,169.38
2024-09-04,144.35,76.42,135.51,142.22,98.92,154.87,315.43,145.69,139.72,164.69
2024-09-05,145.60,76.12,135.83,142.29,100.95,156.27,311.90,147.19,140.52,166.01
2024-09-06,145.63,77.47,135.04,138.30,102.51,153.00,304.58,149.82,143.81,162.47
2024-09-07,142.39,77.19,132.05,133.43,104.45,147.63,307.56,152.10,142.72,161.43
2024-09-08,140.15,77.13,134.78,137.66,105.99,142.86,305.75,153.04,144.99,163.15
2024-09-09,143.67,78.22,132.33,135.89,104.37,143.78,311.42,155.16,148.42,164.66
2024-09-10,142.34,79.83,131.77,138.22,102.76,146.33,314.09,157.97,149.41,160.83
2024-09-11,143.53,79.72,132.12,141.69,103.48,148.41,314.63,156.34,149.15,163.98
2024-09-12,141.43,79.24,130.75,141.25,103.31,150.73,324.06,161.34,151.84,165.03
2024-09-13,138.76,79.22,132.68,140.58,104.64,153.88,321.57,158.93,153.56,165.23
2024-09-14,139.14,79.26,131.02,135.89,104.24,153.01,316.59,156.15,155.83,164.36
2024-09-15,140.36,78.25,128.87,139.89,104.82,152.19,317.39,156.82,155.87,167.03
2024-09-16,142.16,78.95,128.68,137.66,106.77,151.73,320.11,152.88,157.76,168.12
2024-09-17,140.90,78.05,127.74,134.53,106.25,153.52,327.24,155.27,159.50,175.11
2024-09-18,143.12,79.01,128.42,132.71,109.32,155.71,333.70,153.73,163.25,177.70
2024-09-19,143.12,80.22,127.91,127.23,109.90,155.36,331.41,153.12,168.21,177.78
2024-09-20,145.71,79.72,126.86,125.44,110.09,156.27,333.84,151.95,166.61,179.88
2024-09-21,150.25,78.96,128.29,123.77,107.66,156.34,339.44,152.87,160.96,176.57
2024-09-22,149.44,79.02,129.37,123.39,109.17,157.92,350.57,152.88,157.40,176.16
2024-09-23,148.31,79.87,127.64,125.59,108.75,160.87,342.19,151.63,159.72,173.15
2024-09-24,145.73,78.14,126.50,123.93,106.63,161.41,345.31,147.67,162.34,173.24
2024-09-25,146.23,78.03,126.51,121.49,110.27,160.12,340.62,146.51,163.82,175.19
2024-09-26,143.64,78.42,127.35,122.05,111.56,161.32,349.04,144.66,164.35,176.01
2024-09-27,143.55,79.33,127.16,121.80,113.18,157.51,349.08,143.05,165.43,179.55
2024-09-28,144.85,80.07,127.41,121.29,112.65,157.08,348.46,140.28,161.15,183.46
2024-09-29,148.29,81.30,129.21,122.55,111.22,155.06,353.06,139.91,161.46,178.37
2024-09-30,149.71,81.25,129.34,121.66,109.17,160.92,360.86,141.91,160.67,178.41
2024-10-01,147.78,80.79,129.81,123.38,108.35,163.04,360.77,143.69,161.95,178.66
2024-10-02,141.62,78.46,126.42,120.65,109.90,167.12,358.13,144.17,160.60,179.90
2024-10-03,140.69,78.08,125.80,120.07,109.93,165.56,361.28,147.44,161.12,183.93
2024-10-04,140.82,78.82,127.15,118.38,113.22,164.05,358.78,144.99,163.56,190.13
2024-10-05,140.41,79.15,127.73,116.82,111.55,165.19,364.65,144.94,157.21,185.40
2024-10-06,138.57,79.25,129.28,116.29,110.12,166.80,357.77,143.93,157.16,182.26
2024-10-07,140.49,79.35,127.92,114.52,109.26,172.73,368.38,145.38,155.06,181.73
2024-10-08,140.65,79.57,130.25,114.21,110.07,174.10,370.63,147.96,152.96,183.15
2024-10-09,141.12,78.47,131.40,115.75,109.19,177.45,375.84,144.67,156.09,176.04
2024-10-10,136.94,78.48,131.06,115.98,107.71,175.55,368.80,142.17,155.10,176.42
2024-10-11,138.95,78.81,131.31,116.79,107.32,176.86,368.78,145.31,150.60,181.43
2024-10-12,142.66,76.56,130.62,117.23,104.59,177.27,359.25,147.20,149.42,185.02
2024-10-13,146.73,77.65,129.97,115.45,106.21,174.22,352.85,146.44,150.22,180.29
2024-10-14,150.40,77.10,134.55,114.88,106.47,176.51,367.40,152.78,153.77,177.01
2024-10-15,151.85,77.82,132.70,115.70,106.63,174.61,365.72,155.71,154.41,174.84
2024-10-16,153.34,78.38,133.94,115.04,107.92,172.84,363.73,157.28,155.06,170.69
2024-10-17,157.42,78.26,133.57,112.69,109.17,173.11,363.76,157.28,151.56,171.75
2024-10-18,158.52,76.99,135.50,114.61,107.81,172.84,373.21,157.91,152.73,173.96
2024-10-19,162.11,76.20,133.65,113.44,105.41,173.42,372.02,157.94,152.69,175.34
2024-10-20,157.73,76.84,134.16,111.92,103.92,171.57,372.88,159.99,156.23,176.74
2024-10-21,158.23,75.05,135.20,112.99,106.96,167.78,369.22,162.27,154.05,176.89
2024-10-22,163.34,75.04,136.74,114.02,108.15,168.62,372.47,159.10,156.56,177.19
2024-10-23,163.17,74.53,136.62,117.26,108.40,166.62,373.55,156.66,155.46,177.85
2024-10-24,162.57,76.52,135.57,118.21,107.32,168.02,371.12,158.66,156.79,177.76
2024-10-25,161.41,76.42,134.50,119.62,104.39,173.47,364.64,157.21,162.29,179.03
2024-10-26,161.88,76.06,135.25,119.78,106.10,175.76,361.11,153.97,162.21,183.56
2024-10-27,162.81,75.62,137.63,123.16,104.57,174.00,359.18,155.52,159.95,185.45
2024-10-28,166.54,76.23,138.87,123.26,107.60,173.44,350.30,153.99,159.26,187.97
2024-10-29,166.99,76.38,137.78,122.93,104.71,169.79,348.64,155.17,157.50,188.04
2024-10-30,166.47,75.73,137.21,121.93,104.58,169.47,349.37,160.36,153.88,187.65
2024-10-31,168.81,76.58,135.43,123.72,102.73,171.05,350.35,157.65,155.26,189.04
2024-11-01,165.83,76.44,130.65,124.43,99.69,168.40,355.96,159.69,154.84,189.54
2024-11-02,164.71,75.84,128.84,126.33,102.29,166.80,353.52,160.14,154.84,188.04
2024-11-03,167.84,75.28,130.10,125.51,102.73,170.60,345.51,162.04,156.67,189.89
2024-11-04,166.15,75.69,133.78,126.09,101.53,170.85,347.86,161.15,158.68,188.88
2024-11-05,165.37,76.15,130.65,124.96,104.21,172.62,349.69,159.93,158.26,184.67
2024-11-06,161.81,76.59,128.40,125.61,103.31,171.40,339.31,159.88,159.75,186.35
2024-11-07,162.06,76.76,128.41,123.47,103.94,171.88,330.35,160.43,161.45,186.61
2024-11-08,160.56,76.82,127.60,123.25,102.75,172.29,325.46,159.74,157.09,185.57
2024-11-09,162.26,75.39,128.04,121.11,103.00,168.65,324.72,157.09,155.92,183.87
2024-11-10,164.42,77.61,126.97,122.51,103.82,170.94,323.10,159.44,155.95,181.51
2024-11-11,161.58,76.94,129.49,122.67,102.38,169.82,322.04,157.24,155.41,178.39
2024-11-12,162.63,77.49,129.24,123.93,101.89,165.86,311.95,156.56,154.83,172.18
2024-11-13,162.06,77.90,130.90,124.67,102.67,173.45,315.04,158.15,157.01,174.24
2024-11-14,158.39,78.73,131.19,122.34,103.08,172.27,311.62,152.47,158.64,172.38
2024-11-15,155.83,77.03,134.15,121.78,103.94,171.18,309.79,154.31,161.16,171.90
2024-11-16,160.36,77.88,134.36,122.08,105.11,171.62,311.00,152.38,159.61,168.96
2024-11-17,161.23,77.52,135.23,121.22,103.39,167.27,309.72,156.82,164.81,167.79
2024-11-18,159.78,77.75,137.18,121.86,105.01,167.69,308.26,157.31,160.26,168.06
2024-11-19,159.70,77.24,141.49,123.84,103.43,172.49,303.54,161.22,159.76,163.68
2024-11-20,158.99,78.35,142.49,122.14,103.25,176.73,311.91,164.61,164.16,165.66
2024-11-21,163.44,79.38,141.43,124.60,102.20,172.51,312.52,160.33,160.34,166.18
2024-11-22,166.23,79.41,144.61,125.01,103.82,174.52,320.64,161.88,159.08,164.86
2024-11-23,163.03,81.21,143.65,125.73,103.97,173.26,326.03,161.90,158.11,159.89
2024-11-24,162.04,80.95,143.97,126.50,103.71,172.82,325.32,163.31,157.95,158.60
2024-11-25,163.28,82.85,144.35,128.35,102.30,176.79,326.97,161.57,158.39,158.36
2024-11-26,163.35,82.08,148.03,128.61,101.14,173.74,331.19,161.08,157.77,157.91
2024-11-27,161.74,80.02,150.08,129.78,100.16,177.38,326.29,161.97,154.20,161.29
2024-11-28,161.33,80.50,148.97,130.30,99.88,178.07,325.04,161.11,156.21,160.04
2024-11-29,162.13,82.28,148.94,131.59,101.02,181.22,329.03,162.27,153.97,159.76
2024-11-30,161.60,81.80,151.74,130.04,102.32,180.65,320.10,164.91,153.84,159.90
2024-12-01,164.72,82.45,151.56,130.79,101.07,182.55,325.71,165.66,156.46,161.16
2024-12-02,166.23,82.20,152.73,129.72,101.40,182.20,323.55,165.59,156.56,161.14
2024-12-03,168.35,80.35,152.03,130.15,103.15,183.33,322.74,160.68,156.24,157.68
2024-12-04,170.22,81.35,150.89,131.99,103.84,178.38,324.39,160.50,157.07,161.06
2024-12-05,172.15,84.43,150.77,134.70,100.10,177.12,325.23,158.37,160.36,157.54
2024-12-06,171.90,81.82,150.23,134.74,99.96,177.80,324.84,160.95,161.14,155.60
2024-12-07,169.95,81.18,149.41,134.55,98.62,180.25,326.45,163.23,161.52,156.13
2024-12-08,169.31,80.53,150.78,135.60,99.81,182.99,325.02,163.62,162.62,153.86
2024-12-09,173.89,79.38,148.82,136.86,101.60,185.88,317.09,162.05,163.66,153.30
2024-12-10,175.87,79.18,149.65,136.81,102.54,181.75,318.02,162.52,162.61,158.26
2024-12-11,176.45,78.18,148.24,139.49,102.00,179.95,314.19,163.42,164.80,158.32
2024-12-12,178.84,77.43,146.73,138.05,100.23,178.79,311.75,169.29,167.79,157.99
2024-12-13,178.63,78.44,143.03,139.09,100.01,181.09,313.49,173.22,165.87,157.43
2024-12-14,180.80,78.31,144.82,141.92,98.18,181.82,312.10,173.03,168.09,158.61
2024-12-15,184.13,76.93,148.88,143.20,95.88,185.66,307.53,175.00,170.07,160.06
2024-12-16,184.54,75.88,146.59,146.11,95.87,188.27,311.99,173.12,171.00,158.91
2024-12-17,182.35,75.29,146.59,145.59,97.96,186.22,312.16,175.81,171.18,162.84
2024-12-18,185.19,74.58,151.52,146.66,97.13,188.91,301.25,182.90,172.93,161.83
2024-12-19,187.33,74.74,149.43,147.24,94.01,194.59,296.67,177.47,174.82,157.70
2024-12-20,180.67,74.08,146.38,144.67,95.18,192.90,292.77,179.38,174.35,156.40
2024-12-21,182.17,72.96,146.14,150.21,94.51,197.75,290.82,181.79,171.68,154.69
2024-12-22,181.41,73.66,144.47,149.53,97.07,198.12,289.39,180.47,173.63,156.31
2024-12-23,178.49,72.21,144.18,153.02,97.94,197.45,291.58,180.89,175.19,151.56
2024-12-24,176.15,71.92,149.84,151.76,99.71,196.20,288.67,178.21,175.34,148.96
2024-12-25,176.62,70.55,148.98,153.31,102.03,193.57,275.52,174.01,174.13,147.81
2024-12-26,174.31,72.49,151.25,153.28,103.70,189.04,270.46,175.29,179.23,150.88
2024-12-27,176.34,71.38,148.10,149.99,104.80,191.11,268.62,173.19,180.93,153.46
2024-12-28,182.19,72.87,149.16,150.94,105.44,192.80,265.39,171.06,180.90,153.94
2024-12-29,186.18,73.37,148.65,155.68,106.05,194.66,265.85,170.26,178.50,153.58
2024-12-30,183.35,74.84,147.64,154.64,104.65,192.96,271.08,173.93,177.85,153.36
2024-12-31,182.12,74.63,151.27,155.55,104.57,191.09,268.70,173.39,182.02,155.17
2025-01-01,184.34,75.15,150.21,159.82,102.86,188.99,269.99,169.73,181.59,155.76
2025-01-02,182.81,75.03,148.14,155.56,103.95,189.37,270.43,171.03,182.35,154.91
2025-01-03,177.57,73.35,147.64,157.59,103.61,195.20,271.84,168.13,181.30,156.36
2025-01-04,180.11,75.30,145.17,159.53,104.88,197.02,270.18,171.98,178.16,157.17
2025-01-05,182.31,76.76,146.92,163.86,107.08,197.07,263.37,173.68,176.91,160.83
2025-01-06,183.81,76.41,145.53,164.09,110.42,191.40,259.85,173.61,177.40,160.31
2025-01-07,183.43,76.34,146.07,165.46,111.26,192.43,255.60,176.77,175.29,164.56
2025-01-08,189.41,74.74,145.24,165.62,113.43,194.40,255.90,179.78,176.49,163.81
2025-01-09,187.72,75.12,146.51,168.08,113.50,192.52,252.97,181.95,174.80,160.93
2025-01-10,182.54,76.57,146.38,168.61,111.76,194.50,253.96,180.92,174.13,159.66
2025-01-11,183.68,79.43,143.66,164.27,112.02,192.12,255.63,183.60,177.02,157.98
2025-01-12,184.30,81.68,145.29,161.75,110.09,194.29,256.83,185.18,175.60,159.40
2025-01-13,186.61,81.46,142.83,159.27,109.20,199.70,257.35,187.29,172.29,161.90
2025-01-14,191.20,82.32,142.17,159.76,110.28,200.32,254.52,192.80,174.50,163.34
2025-01-15,190.31,84.04,143.16,158.89,107.03,200.42,246.92,194.30,173.34,164.94
2025-01-16,190.01,86.00,141.02,158.04,105.05,198.56,247.72,198.47,174.79,162.04
2025-01-17,190.59,87.28,144.74,155.68,104.39,198.56,242.59,199.55,176.01,158.29
2025-01-18,186.82,86.81,144.33,161.52,105.24,197.30,242.31,201.31,176.86,159.51
2025-01-19,187.21,88.04,143.71,164.77,107.81,197.57,237.66,202.69,181.85,161.59
2025-01-20,185.74,88.15,143.88,166.44,109.80,197.44,239.43,202.24,177.93,159.24
2025-01-21,185.15,88.31,147.17,165.09,108.11,199.45,241.81,203.56,178.31,162.30
2025-01-22,182.59,89.04,147.57,161.77,108.49,193.56,237.88,200.05,179.78,161.31
2025-01-23,181.13,87.93,146.34,162.81,106.98,192.15,235.90,197.52,180.04,155.87
2025-01-24,182.44,88.66,148.06,160.71,106.48,193.48,236.50,200.54,185.24,155.96
2025-01-25,183.95,90.38,149.72,160.53,104.88,193.57,237.52,200.26,188.68,158.73
2025-01-26,182.12,91.40,150.13,159.86,102.75,198.88,240.73,202.11,192.13,158.33
2025-01-27,178.21,93.23,148.55,159.72,100.10,201.92,234.54,208.28,194.79,158.69
2025-01-28,178.47,91.55,150.23,157.80,101.58,205.04,233.25,205.29,198.10,161.46
2025-01-29,178.35,91.82,152.94,157.58,100.75,208.36,231.98,205.03,200.42,162.09
2025-01-30,177.35,90.84,149.95,156.64,102.51,211.45,232.90,205.63,199.58,161.76
2025-01-31,183.32,90.21,153.35,154.13,102.91,213.23,231.62,206.46,197.88,164.69
2025-02-01,181.04,90.20,152.20,154.82,102.77,209.99,223.80,204.87,196.48,166.04
2025-02-02,177.34,91.00,153.82,154.76,102.54,205.61,220.97,206.83,198.31,167.79
2025-02-03,173.63,91.41,151.15,154.26,102.64,209.73,214.53,202.17,197.20,168.25
2025-02-04,172.64,91.55,151.68,153.97,103.94,214.41,215.56,207.88,206.67,168.58
2025-02-05,175.00,92.27,146.22,150.77,105.68,210.15,210.44,207.99,207.41,166.45
2025-02-06,174.70,91.96,148.33,152.09,104.22,206.64,205.17,201.77,211.67,160.76
2025-02-07,173.78,93.48,151.12,148.32,101.96,207.90,206.54,204.66,213.38,158.70
2025-02-08,176.36,92.07,147.05,148.07,98.91,209.88,205.26,204.13,215.26,160.14
2025-02-09,178.50,94.88,147.36,151.24,98.23,209.40,195.95,203.56,211.78,157.61
2025-02-10,176.19,94.85,149.42,155.17,98.52,204.89,193.83,200.21,216.02,156.85
2025-02-11,178.26,95.38,149.81,155.45,99.45,205.61,196.40,203.11,216.44,160.40
2025-02-12,177.93,94.77,148.79,155.34,99.92,205.19,194.32,206.96,216.78,158.35
2025-02-13,174.22,95.67,147.15,154.64,100.12,203.43,194.33,208.07,213.69,155.57
2025-02-14,177.20,97.28,145.79,152.98,99.70,198.27,194.19,209.50,215.74,154.44
2025-02-15,176.75,98.15,143.20,152.74,99.69,198.84,194.43,203.60,208.89,150.01
2025-02-16,179.67,98.59,145.05,151.30,101.98,199.78,195.07,205.46,205.28,149.58
2025-02-17,183.77,100.94,148.74,154.79,100.32,199.59,193.19,201.16,210.81,151.66
2025-02-18,185.69,101.55,149.49,154.61,99.65,198.30,197.95,195.46,211.22,150.38
2025-02-19,181.08,103.81,150.79,156.56,100.48,201.84,199.40,192.80,213.06,145.76
2025-02-20,181.06,104.33,152.46,155.40,100.90,203.09,194.31,191.16,216.13,149.83
2025-02-21,179.72,103.11,152.38,154.70,101.11,203.86,197.79,191.65,219.04,152.15
2025-02-22,181.62,104.30,149.74,154.53,102.66,200.89,198.31,189.82,220.21,146.31
2025-02-23,178.64,104.47,151.34,156.27,102.74,207.09,202.32,191.19,222.62,148.43
2025-02-24,182.85,102.16,152.14,154.20,103.69,205.62,202.56,192.39,225.11,147.76
2025-02-25,179.73,99.38,150.69,152.81,104.47,204.53,194.76,195.86,227.02,147.66
2025-02-26,181.52,99.33,150.51,153.98,103.06,207.31,194.03,196.48,227.65,145.67
2025-02-27,180.96,96.77,149.66,157.70,105.38,202.45,197.52,201.45,229.69,144.89
2025-02-28,178.44,98.13,148.03,158.52,105.26,203.96,197.81,197.78,228.69,145.41
2025-03-01,176.91,100.49,150.52,155.92,105.99,207.67,196.79,198.50,231.11,142.97
2025-03-02,176.95,100.15,150.26,156.05,107.42,206.25,198.62,201.28,227.06,144.04
2025-03-03,177.77,99.60,150.02,156.86,107.05,209.97,202.54,201.66,231.27,143.65
2025-03-04,179.38,102.52,148.73,156.88,107.20,211.02,204.95,201.69,229.55,146.40
2025-03-05,178.97,102.38,145.64,157.28,105.49,208.20,210.40,199.19,228.29,144.65
2025-03-06,175.67,103.81,145.92,155.79,105.13,208.98,208.01,199.43,232.42,144.13
2025-03-07,176.91,101.82,148.63,156.64,104.16,205.82,209.51,195.29,232.97,146.76
2025-03-08,179.44,102.90,147.70,155.37,105.21,203.65,209.01,191.43,228.92,145.82
2025-03-09,179.93,102.10,150.85,157.34,104.81,200.72,205.66,195.71,230.96,144.64
2025-03-10,177.88,102.65,152.31,158.90,103.78,197.38,207.87,193.52,225.49,148.39
2025-03-11,177.52,101.95,156.74,159.90,103.31,201.40,210.09,195.34,227.30,148.25
2025-03-12,179.41,102.13,161.86,158.23,105.47,195.30,209.46,194.28,231.23,149.61
2025-03-13,180.44,100.40,161.06,157.02,103.07,193.49,207.05,193.60,232.16,147.64
2025-03-14,183.07,102.54,162.92,156.27,104.73,188.98,208.63,191.90,233.83,147.15
2025-03-15,184.81,99.44,163.25,157.02,103.59,183.80,207.42,192.38,229.97,141.93
2025-03-16,185.72,101.56,161.22,157.01,105.42,185.36,208.96,192.18,232.76,140.40
2025-03-17,185.47,102.82,166.44,156.04,106.24,184.26,211.37,191.01,235.93,142.52
2025-03-18,184.02,102.23,165.16,156.07,104.77,182.75,210.74,197.67,234.11,143.28
2025-03-19,187.80,101.85,168.96,158.13,104.56,184.99,204.59,199.18,233.53,146.07
2025-03-20,183.47,100.89,171.83,157.07,102.83,184.86,202.71,196.49,234.40,146.45
2025-03-21,184.10,103.05,173.31,156.86,105.30,180.66,199.70,198.84,240.00,148.42
2025-03-22,184.94,101.74,176.05,158.63,106.58,176.62,193.88,198.93,239.45,150.14
2025-03-23,184.98,100.52,173.85,158.64,106.70,174.41,192.63,196.07,236.39,150.17
2025-03-24,184.58,99.26,169.87,161.25,107.03,171.12,194.71,202.45,237.30,146.98
2025-03-25,184.52,97.59,171.47,162.09,106.51,169.55,199.31,207.54,240.59,147.19
2025-03-26,185.85,98.07,170.60,163.73,110.52,171.02,200.52,207.17,237.01,146.80
2025-03-27,189.54,96.78,175.39,159.36,109.92,172.02,198.10,211.19,236.28,148.04
2025-03-28,194.87,98.64,173.54,162.73,108.33,170.94,200.49,211.47,238.11,150.63
2025-03-29,193.01,98.19,172.97,164.66,107.96,168.15,197.76,211.94,242.90,150.88
2025-03-30,190.12,99.53,172.79,169.90,107.85,166.25,200.88,219.35,242.83,151.23
2025-03-31,194.07,97.58,170.14,171.33,107.27,163.26,198.11,222.07,241.93,151.58
